state_code,county_code,site_number,parameter_code,poc,latitude,longitude,datum,parameter,sample_duration_code,sample_duration,pollutant_standard,date_local,units_of_measure,event_type,observation_count,observation_percent,validity_indicator,pm25_mean,first_max_value,first_max_hour,aqi,method_code,method,local_site_name,site_address,state,county,city_aqs,cbsa_code,cbsa,date_of_last_change,city_norm,city_pop,population_2024
17,19,6,88101,1,40.123886,-88.240553,WGS84,PM2.5 - Local Conditions,7,24 HOUR,PM25 24-hour 2006,2024-01-01,Micrograms/cubic meter (LC),No Events,1,100.0,Y,1.8,1.8,0,10.0,142,BGI Models PQ200-VSCC or PQ200A-VSCC - Gravimetric,709 N. Champaign St.,709 N. Champaign St.,Illinois,Champaign,Champaign,16580.0,"Champaign-Urbana, IL",2024-05-17,Champaign,Champaign City,91961.0
17,19,6,88101,1,40.123886,-88.240553,WGS84,PM2.5 - Local Conditions,7,24 HOUR,PM25 Annual 2006,2024-01-01,Micrograms/cubic meter (LC),No Events,1,100.0,Y,1.8,1.8,0,10.0,142,BGI Models PQ200-VSCC or PQ200A-VSCC - Gravimetric,709 N. Champaign St.,709 N. Champaign St.,Illinois,Champaign,Champaign,16580.0,"Champaign-Urbana, IL",2024-05-17,Champaign,Champaign City,91961.0
17,19,6,88101,1,40.123886,-88.240553,WGS84,PM2.5 - Local Conditions,7,24 HOUR,PM25 24-hour 2012,2024-01-01,Micrograms/cubic meter (LC),No Events,1,100.0,Y,1.8,1.8,0,10.0,142,BGI Models PQ200-VSCC or PQ200A-VSCC - Gravimetric,709 N. Champaign St.,709 N. Champaign St.,Illinois,Champaign,Champaign,16580.0,"Champaign-Urbana, IL",2024-05-17,Champaign,Champaign City,91961.0
17,19,6,88101,1,40.123886,-88.240553,WGS84,PM2.5 - Local Conditions,7,24 HOUR,PM25 Annual 2012,2024-01-01,Micrograms/cubic meter (LC),No Events,1,100.0,Y,1.8,1.8,0,10.0,142,BGI Models PQ200-VSCC or PQ200A-VSCC - Gravimetric,709 N. Champaign St.,709 N. Champaign St.,Illinois,Champaign,Champaign,16580.0,"Champaign-Urbana, IL",2024-05-17,Champaign,Champaign City,91961.0
17,19,6,88101,1,40.123886,-88.240553,WGS84,PM2.5 - Local Conditions,7,24 HOUR,PM25 24-hour 1997,2024-01-01,Micrograms/cubic meter (LC),No Events,1,100.0,Y,1.8,1.8,0,10.0,142,BGI Models PQ200-VSCC or PQ200A-VSCC - Gravimetric,709 N. Champaign St.,709 N. Champaign St.,Illinois,Champaign,Champaign,16580.0,"Champaign-Urbana, IL",2024-05-17,Champaign,Champaign City,91961.0
17,19,6,88101,1,40.123886,-88.240553,WGS84,PM2.5 - Local Conditions,7,24 HOUR,PM25 Annual 1997,2024-01-01,Micrograms/cubic meter (LC),No Events,1,100.0,Y,1.8,1.8,0,10.0,142,BGI Models PQ200-VSCC or PQ200A-VSCC - Gravimetric,709 N. Champaign St.,709 N. Champaign St.,Illinois,Champaign,Champaign,16580.0,"Champaign-Urbana, IL",2024-05-17,Champaign,Champaign City,91961.0
17,19,6,88101,1,40.123886,-88.240553,WGS84,PM2.5 - Local Conditions,7,24 HOUR,PM25 24-hour 2024,2024-01-01,Micrograms/cubic meter (LC),No Events,1,100.0,Y,1.8,1.8,0,10.0,142,BGI Models PQ200-VSCC or PQ200A-VSCC - Gravimetric,709 N. Champaign St.,709 N. Champaign St.,Illinois,Champaign,Champaign,16580.0,"Champaign-Urbana, IL",2024-05-17,Champaign,Champaign City,91961.0
17,19,6,88101,1,40.123886,-88.240553,WGS84,PM2.5 - Local Conditions,7,24 HOUR,PM25 Annual 2024,2024-01-01,Micrograms/cubic meter (LC),No Events,1,100.0,Y,1.8,1.8,0,10.0,142,BGI Models PQ200-VSCC or PQ200A-VSCC - Gravimetric,709 N. Champaign St.,709 N. Champaign St.,Illinois,Champaign,Champaign,16580.0,"Champaign-Urbana, IL",2024-05-17,Champaign,Champaign City,91961.0
17,31,3301,88101,9,41.782766,-87.805377,WGS84,PM2.5 - Local Conditions,7,24 HOUR,PM25 24-hour 2006,2024-01-01,Micrograms/cubic meter (LC),No Events,1,100.0,Y,2.5,2.5,0,14.0,545,Met One E-SEQ-FRM PM2.5 with VSCC - Gravimetric,GRAVES ES,60TH ST. & 74TH AVE.,Illinois,Cook,Summit,16980.0,"Chicago-Naperville-Elgin, IL-IN-WI",2025-04-23,Summit,Summit Village,10761.0
17,31,3301,88101,9,41.782766,-87.805377,WGS84,PM2.5 - Local Conditions,7,24 HOUR,PM25 Annual 2006,2024-01-01,Micrograms/cubic meter (LC),No Events,1,100.0,Y,2.5,2.5,0,14.0,545,Met One E-SEQ-FRM PM2.5 with VSCC - Gravimetric,GRAVES ES,60TH ST. & 74TH AVE.,Illinois,Cook,Summit,16980.0,"Chicago-Naperville-Elgin, IL-IN-WI",2025-04-23,Summit,Summit Village,10761.0
17,31,3301,88101,9,41.782766,-87.805377,WGS84,PM2.5 - Local Conditions,7,24 HOUR,PM25 24-hour 2012,2024-01-01,Micrograms/cubic meter (LC),No Events,1,100.0,Y,2.5,2.5,0,14.0,545,Met One E-SEQ-FRM PM2.5 with VSCC - Gravimetric,GRAVES ES,60TH ST. & 74TH AVE.,Illinois,Cook,Summit,16980.0,"Chicago-Naperville-Elgin, IL-IN-WI",2025-04-23,Summit,Summit Village,10761.0
17,31,3301,88101,9,41.782766,-87.805377,WGS84,PM2.5 - Local Conditions,7,24 HOUR,PM25 Annual 2012,2024-01-01,Micrograms/cubic meter (LC),No Events,1,100.0,Y,2.5,2.5,0,14.0,545,Met One E-SEQ-FRM PM2.5 with VSCC - Gravimetric,GRAVES ES,60TH ST. & 74TH AVE.,Illinois,Cook,Summit,16980.0,"Chicago-Naperville-Elgin, IL-IN-WI",2025-04-23,Summit,Summit Village,10761.0
17,31,3301,88101,9,41.782766,-87.805377,WGS84,PM2.5 - Local Conditions,7,24 HOUR,PM25 24-hour 1997,2024-01-01,Micrograms/cubic meter (LC),No Events,1,100.0,Y,2.5,2.5,0,14.0,545,Met One E-SEQ-FRM PM2.5 with VSCC - Gravimetric,GRAVES ES,60TH ST. & 74TH AVE.,Illinois,Cook,Summit,16980.0,"Chicago-Naperville-Elgin, IL-IN-WI",2025-04-23,Summit,Summit Village,10761.0
17,31,3301,88101,9,41.782766,-87.805377,WGS84,PM2.5 - Local Conditions,7,24 HOUR,PM25 Annual 1997,2024-01-01,Micrograms/cubic meter (LC),No Events,1,100.0,Y,2.5,2.5,0,14.0,545,Met One E-SEQ-FRM PM2.5 with VSCC - Gravimetric,GRAVES ES,60TH ST. & 74TH AVE.,Illinois,Cook,Summit,16980.0,"Chicago-Naperville-Elgin, IL-IN-WI",2025-04-23,Summit,Summit Village,10761.0
17,31,3301,88101,9,41.782766,-87.805377,WGS84,PM2.5 - Local Conditions,7,24 HOUR,PM25 24-hour 2024,2024-01-01,Micrograms/cubic meter (LC),No Events,1,100.0,Y,2.5,2.5,0,14.0,545,Met One E-SEQ-FRM PM2.5 with VSCC - Gravimetric,GRAVES ES,60TH ST. & 74TH AVE.,Illinois,Cook,Summit,16980.0,"Chicago-Naperville-Elgin, IL-IN-WI",2025-04-23,Summit,Summit Village,10761.0
17,31,3301,88101,9,41.782766,-87.805377,WGS84,PM2.5 - Local Conditions,7,24 HOUR,PM25 Annual 2024,2024-01-01,Micrograms/cubic meter (LC),No Events,1,100.0,Y,2.5,2.5,0,14.0,545,Met One E-SEQ-FRM PM2.5 with VSCC - Gravimetric,GRAVES ES,60TH ST. & 74TH AVE.,Illinois,Cook,Summit,16980.0,"Chicago-Naperville-Elgin, IL-IN-WI",2025-04-23,Summit,Summit Village,10761.0
17,31,3301,88101,1,41.782766,-87.805377,WGS84,PM2.5 - Local Conditions,7,24 HOUR,PM25 24-hour 2006,2024-01-01,Micrograms/cubic meter (LC),No Events,1,100.0,Y,2.5,2.5,0,14.0,545,Met One E-SEQ-FRM PM2.5 with VSCC - Gravimetric,GRAVES ES,60TH ST. & 74TH AVE.,Illinois,Cook,Summit,16980.0,"Chicago-Naperville-Elgin, IL-IN-WI",2025-04-23,Summit,Summit Village,10761.0
17,31,3301,88101,1,41.782766,-87.805377,WGS84,PM2.5 - Local Conditions,7,24 HOUR,PM25 Annual 2006,2024-01-01,Micrograms/cubic meter (LC),No Events,1,100.0,Y,2.5,2.5,0,14.0,545,Met One E-SEQ-FRM PM2.5 with VSCC - Gravimetric,GRAVES ES,60TH ST. & 74TH AVE.,Illinois,Cook,Summit,16980.0,"Chicago-Naperville-Elgin, IL-IN-WI",2025-04-23,Summit,Summit Village,10761.0
17,31,3301,88101,1,41.782766,-87.805377,WGS84,PM2.5 - Local Conditions,7,24 HOUR,PM25 24-hour 2012,2024-01-01,Micrograms/cubic meter (LC),No Events,1,100.0,Y,2.5,2.5,0,14.0,545,Met One E-SEQ-FRM PM2.5 with VSCC - Gravimetric,GRAVES ES,60TH ST. & 74TH AVE.,Illinois,Cook,Summit,16980.0,"Chicago-Naperville-Elgin, IL-IN-WI",2025-04-23,Summit,Summit Village,10761.0
17,31,3301,88101,1,41.782766,-87.805377,WGS84,PM2.5 - Local Conditions,7,24 HOUR,PM25 Annual 2012,2024-01-01,Micrograms/cubic meter (LC),No Events,1,100.0,Y,2.5,2.5,0,14.0,545,Met One E-SEQ-FRM PM2.5 with VSCC - Gravimetric,GRAVES ES,60TH ST. & 74TH AVE.,Illinois,Cook,Summit,16980.0,"Chicago-Naperville-Elgin, IL-IN-WI",2025-04-23,Summit,Summit Village,10761.0
17,31,3301,88101,1,41.782766,-87.805377,WGS84,PM2.5 - Local Conditions,7,24 HOUR,PM25 24-hour 1997,2024-01-01,Micrograms/cubic meter (LC),No Events,1,100.0,Y,2.5,2.5,0,14.0,545,Met One E-SEQ-FRM PM2.5 with VSCC - Gravimetric,GRAVES ES,60TH ST. & 74TH AVE.,Illinois,Cook,Summit,16980.0,"Chicago-Naperville-Elgin, IL-IN-WI",2025-04-23,Summit,Summit Village,10761.0
17,31,3301,88101,1,41.782766,-87.805377,WGS84,PM2.5 - Local Conditions,7,24 HOUR,PM25 Annual 1997,2024-01-01,Micrograms/cubic meter (LC),No Events,1,100.0,Y,2.5,2.5,0,14.0,545,Met One E-SEQ-FRM PM2.5 with VSCC - Gravimetric,GRAVES ES,60TH ST. & 74TH AVE.,Illinois,Cook,Summit,16980.0,"Chicago-Naperville-Elgin, IL-IN-WI",2025-04-23,Summit,Summit Village,10761.0
17,31,3301,88101,1,41.782766,-87.805377,WGS84,PM2.5 - Local Conditions,7,24 HOUR,PM25 24-hour 2024,2024-01-01,Micrograms/cubic meter (LC),No Events,1,100.0,Y,2.5,2.5,0,14.0,545,Met One E-SEQ-FRM PM2.5 with VSCC - Gravimetric,GRAVES ES,60TH ST. & 74TH AVE.,Illinois,Cook,Summit,16980.0,"Chicago-Naperville-Elgin, IL-IN-WI",2025-04-23,Summit,Summit Village,10761.0
17,31,3301,88101,1,41.782766,-87.805377,WGS84,PM2.5 - Local Conditions,7,24 HOUR,PM25 Annual 2024,2024-01-01,Micrograms/cubic meter (LC),No Events,1,100.0,Y,2.5,2.5,0,14.0,545,Met One E-SEQ-FRM PM2.5 with VSCC - Gravimetric,GRAVES ES,60TH ST. & 74TH AVE.,Illinois,Cook,Summit,16980.0,"Chicago-Naperville-Elgin, IL-IN-WI",2025-04-23,Summit,Summit Village,10761.0
17,31,1,88101,1,41.670992,-87.732457,WGS84,PM2.5 - Local Conditions,7,24 HOUR,PM25 24-hour 2006,2024-01-01,Micrograms/cubic meter (LC),No Events,1,100.0,Y,2.3,2.3,0,13.0,545,Met One E-SEQ-FRM PM2.5 with VSCC - Gravimetric,VILLAGE GARAGE,4500 W. 123RD ST.,Illinois,Cook,Alsip,16980.0,"Chicago-Naperville-Elgin, IL-IN-WI",2025-02-07,Alsip,Alsip Village,18486.0
17,31,1,88101,1,41.670992,-87.732457,WGS84,PM2.5 - Local Conditions,7,24 HOUR,PM25 Annual 2006,2024-01-01,Micrograms/cubic meter (LC),No Events,1,100.0,Y,2.3,2.3,0,13.0,545,Met One E-SEQ-FRM PM2.5 with VSCC - Gravimetric,VILLAGE GARAGE,4500 W. 123RD ST.,Illinois,Cook,Alsip,16980.0,"Chicago-Naperville-Elgin, IL-IN-WI",2025-02-07,Alsip,Alsip Village,18486.0
17,31,1,88101,1,41.670992,-87.732457,WGS84,PM2.5 - Local Conditions,7,24 HOUR,PM25 24-hour 2012,2024-01-01,Micrograms/cubic meter (LC),No Events,1,100.0,Y,2.3,2.3,0,13.0,545,Met One E-SEQ-FRM PM2.5 with VSCC - Gravimetric,VILLAGE GARAGE,4500 W. 123RD ST.,Illinois,Cook,Alsip,16980.0,"Chicago-Naperville-Elgin, IL-IN-WI",2025-02-07,Alsip,Alsip Village,18486.0
17,31,1,88101,1,41.670992,-87.732457,WGS84,PM2.5 - Local Conditions,7,24 HOUR,PM25 Annual 2012,2024-01-01,Micrograms/cubic meter (LC),No Events,1,100.0,Y,2.3,2.3,0,13.0,545,Met One E-SEQ-FRM PM2.5 with VSCC - Gravimetric,VILLAGE GARAGE,4500 W. 123RD ST.,Illinois,Cook,Alsip,16980.0,"Chicago-Naperville-Elgin, IL-IN-WI",2025-02-07,Alsip,Alsip Village,18486.0
17,31,1,88101,1,41.670992,-87.732457,WGS84,PM2.5 - Local Conditions,7,24 HOUR,PM25 24-hour 1997,2024-01-01,Micrograms/cubic meter (LC),No Events,1,100.0,Y,2.3,2.3,0,13.0,545,Met One E-SEQ-FRM PM2.5 with VSCC - Gravimetric,VILLAGE GARAGE,4500 W. 123RD ST.,Illinois,Cook,Alsip,16980.0,"Chicago-Naperville-Elgin, IL-IN-WI",2025-02-07,Alsip,Alsip Village,18486.0
17,31,1,88101,1,41.670992,-87.732457,WGS84,PM2.5 - Local Conditions,7,24 HOUR,PM25 Annual 1997,2024-01-01,Micrograms/cubic meter (LC),No Events,1,100.0,Y,2.3,2.3,0,13.0,545,Met One E-SEQ-FRM PM2.5 with VSCC - Gravimetric,VILLAGE GARAGE,4500 W. 123RD ST.,Illinois,Cook,Alsip,16980.0,"Chicago-Naperville-Elgin, IL-IN-WI",2025-02-07,Alsip,Alsip Village,18486.0
17,31,1,88101,1,41.670992,-87.732457,WGS84,PM2.5 - Local Conditions,7,24 HOUR,PM25 24-hour 2024,2024-01-01,Micrograms/cubic meter (LC),No Events,1,100.0,Y,2.3,2.3,0,13.0,545,Met One E-SEQ-FRM PM2.5 with VSCC - Gravimetric,VILLAGE GARAGE,4500 W. 123RD ST.,Illinois,Cook,Alsip,16980.0,"Chicago-Naperville-Elgin, IL-IN-WI",2025-02-07,Alsip,Alsip Village,18486.0
17,31,1,88101,1,41.670992,-87.732457,WGS84,PM2.5 - Local Conditions,7,24 HOUR,PM25 Annual 2024,2024-01-01,Micrograms/cubic meter (LC),No Events,1,100.0,Y,2.3,2.3,0,13.0,545,Met One E-SEQ-FRM PM2.5 with VSCC - Gravimetric,VILLAGE GARAGE,4500 W. 123RD ST.,Illinois,Cook,Alsip,16980.0,"Chicago-Naperville-Elgin, IL-IN-WI",2025-02-07,Alsip,Alsip Village,18486.0
17,31,4201,88101,1,42.139996,-87.799227,WGS84,PM2.5 - Local Conditions,7,24 HOUR,PM25 24-hour 2006,2024-01-01,Micrograms/cubic meter (LC),No Events,1,100.0,Y,2.0,2.0,0,11.0,143,R & P Model 2000 PM-2.5 Air Sampler w/VSCC - Gravimetric,NORTHBROOK WATER PLANT,750 DUNDEE ROAD,Illinois,Cook,Northbrook,16980.0,"Chicago-Naperville-Elgin, IL-IN-WI",2025-02-07,Northbrook,Northbrook Village,34546.0
17,31,4201,88101,1,42.139996,-87.799227,WGS84,PM2.5 - Local Conditions,7,24 HOUR,PM25 Annual 2006,2024-01-01,Micrograms/cubic meter (LC),No Events,1,100.0,Y,2.0,2.0,0,11.0,143,R & P Model 2000 PM-2.5 Air Sampler w/VSCC - Gravimetric,NORTHBROOK WATER PLANT,750 DUNDEE ROAD,Illinois,Cook,Northbrook,16980.0,"Chicago-Naperville-Elgin, IL-IN-WI",2025-02-07,Northbrook,Northbrook Village,34546.0
17,31,4201,88101,1,42.139996,-87.799227,WGS84,PM2.5 - Local Conditions,7,24 HOUR,PM25 24-hour 2012,2024-01-01,Micrograms/cubic meter (LC),No Events,1,100.0,Y,2.0,2.0,0,11.0,143,R & P Model 2000 PM-2.5 Air Sampler w/VSCC - Gravimetric,NORTHBROOK WATER PLANT,750 DUNDEE ROAD,Illinois,Cook,Northbrook,16980.0,"Chicago-Naperville-Elgin, IL-IN-WI",2025-02-07,Northbrook,Northbrook Village,34546.0
17,31,4201,88101,1,42.139996,-87.799227,WGS84,PM2.5 - Local Conditions,7,24 HOUR,PM25 Annual 2012,2024-01-01,Micrograms/cubic meter (LC),No Events,1,100.0,Y,2.0,2.0,0,11.0,143,R & P Model 2000 PM-2.5 Air Sampler w/VSCC - Gravimetric,NORTHBROOK WATER PLANT,750 DUNDEE ROAD,Illinois,Cook,Northbrook,16980.0,"Chicago-Naperville-Elgin, IL-IN-WI",2025-02-07,Northbrook,Northbrook Village,34546.0
17,31,4201,88101,1,42.139996,-87.799227,WGS84,PM2.5 - Local Conditions,7,24 HOUR,PM25 24-hour 1997,2024-01-01,Micrograms/cubic meter (LC),No Events,1,100.0,Y,2.0,2.0,0,11.0,143,R & P Model 2000 PM-2.5 Air Sampler w/VSCC - Gravimetric,NORTHBROOK WATER PLANT,750 DUNDEE ROAD,Illinois,Cook,Northbrook,16980.0,"Chicago-Naperville-Elgin, IL-IN-WI",2025-02-07,Northbrook,Northbrook Village,34546.0
17,31,4201,88101,1,42.139996,-87.799227,WGS84,PM2.5 - Local Conditions,7,24 HOUR,PM25 Annual 1997,2024-01-01,Micrograms/cubic meter (LC),No Events,1,100.0,Y,2.0,2.0,0,11.0,143,R & P Model 2000 PM-2.5 Air Sampler w/VSCC - Gravimetric,NORTHBROOK WATER PLANT,750 DUNDEE ROAD,Illinois,Cook,Northbrook,16980.0,"Chicago-Naperville-Elgin, IL-IN-WI",2025-02-07,Northbrook,Northbrook Village,34546.0
17,31,4201,88101,1,42.139996,-87.799227,WGS84,PM2.5 - Local Conditions,7,24 HOUR,PM25 24-hour 2024,2024-01-01,Micrograms/cubic meter (LC),No Events,1,100.0,Y,2.0,2.0,0,11.0,143,R & P Model 2000 PM-2.5 Air Sampler w/VSCC - Gravimetric,NORTHBROOK WATER PLANT,750 DUNDEE ROAD,Illinois,Cook,Northbrook,16980.0,"Chicago-Naperville-Elgin, IL-IN-WI",2025-02-07,Northbrook,Northbrook Village,34546.0
17,31,4201,88101,1,42.139996,-87.799227,WGS84,PM2.5 - Local Conditions,7,24 HOUR,PM25 Annual 2024,2024-01-01,Micrograms/cubic meter (LC),No Events,1,100.0,Y,2.0,2.0,0,11.0,143,R & P Model 2000 PM-2.5 Air Sampler w/VSCC - Gravimetric,NORTHBROOK WATER PLANT,750 DUNDEE ROAD,Illinois,Cook,Northbrook,16980.0,"Chicago-Naperville-Elgin, IL-IN-WI",2025-02-07,Northbrook,Northbrook Village,34546.0
17,31,76,88101,1,41.7514,-87.713488,WGS84,PM2.5 - Local Conditions,7,24 HOUR,PM25 24-hour 2006,2024-01-01,Micrograms/cubic meter (LC),No Events,1,100.0,Y,2.6,2.6,0,14.0,545,Met One E-SEQ-FRM PM2.5 with VSCC - Gravimetric,COM ED MAINTENANCE BLDG,7801 LAWNDALE,Illinois,Cook,Chicago,16980.0,"Chicago-Naperville-Elgin, IL-IN-WI",2025-02-07,Chicago,Chicago City,2721308.0
17,31,76,88101,1,41.7514,-87.713488,WGS84,PM2.5 - Local Conditions,7,24 HOUR,PM25 Annual 2006,2024-01-01,Micrograms/cubic meter (LC),No Events,1,100.0,Y,2.6,2.6,0,14.0,545,Met One E-SEQ-FRM PM2.5 with VSCC - Gravimetric,COM ED MAINTENANCE BLDG,7801 LAWNDALE,Illinois,Cook,Chicago,16980.0,"Chicago-Naperville-Elgin, IL-IN-WI",2025-02-07,Chicago,Chicago City,2721308.0
17,31,76,88101,1,41.7514,-87.713488,WGS84,PM2.5 - Local Conditions,7,24 HOUR,PM25 24-hour 2012,2024-01-01,Micrograms/cubic meter (LC),No Events,1,100.0,Y,2.6,2.6,0,14.0,545,Met One E-SEQ-FRM PM2.5 with VSCC - Gravimetric,COM ED MAINTENANCE BLDG,7801 LAWNDALE,Illinois,Cook,Chicago,16980.0,"Chicago-Naperville-Elgin, IL-IN-WI",2025-02-07,Chicago,Chicago City,2721308.0
17,31,76,88101,1,41.7514,-87.713488,WGS84,PM2.5 - Local Conditions,7,24 HOUR,PM25 Annual 2012,2024-01-01,Micrograms/cubic meter (LC),No Events,1,100.0,Y,2.6,2.6,0,14.0,545,Met One E-SEQ-FRM PM2.5 with VSCC - Gravimetric,COM ED MAINTENANCE BLDG,7801 LAWNDALE,Illinois,Cook,Chicago,16980.0,"Chicago-Naperville-Elgin, IL-IN-WI",2025-02-07,Chicago,Chicago City,2721308.0
17,31,76,88101,1,41.7514,-87.713488,WGS84,PM2.5 - Local Conditions,7,24 HOUR,PM25 24-hour 1997,2024-01-01,Micrograms/cubic meter (LC),No Events,1,100.0,Y,2.6,2.6,0,14.0,545,Met One E-SEQ-FRM PM2.5 with VSCC - Gravimetric,COM ED MAINTENANCE BLDG,7801 LAWNDALE,Illinois,Cook,Chicago,16980.0,"Chicago-Naperville-Elgin, IL-IN-WI",2025-02-07,Chicago,Chicago City,2721308.0
17,31,76,88101,1,41.7514,-87.713488,WGS84,PM2.5 - Local Conditions,7,24 HOUR,PM25 Annual 1997,2024-01-01,Micrograms/cubic meter (LC),No Events,1,100.0,Y,2.6,2.6,0,14.0,545,Met One E-SEQ-FRM PM2.5 with VSCC - Gravimetric,COM ED MAINTENANCE BLDG,7801 LAWNDALE,Illinois,Cook,Chicago,16980.0,"Chicago-Naperville-Elgin, IL-IN-WI",2025-02-07,Chicago,Chicago City,2721308.0
17,31,76,88101,1,41.7514,-87.713488,WGS84,PM2.5 - Local Conditions,7,24 HOUR,PM25 24-hour 2024,2024-01-01,Micrograms/cubic meter (LC),No Events,1,100.0,Y,2.6,2.6,0,14.0,545,Met One E-SEQ-FRM PM2.5 with VSCC - Gravimetric,COM ED MAINTENANCE BLDG,7801 LAWNDALE,Illinois,Cook,Chicago,16980.0,"Chicago-Naperville-Elgin, IL-IN-WI",2025-02-07,Chicago,Chicago City,2721308.0
17,31,76,88101,1,41.7514,-87.713488,WGS84,PM2.5 - Local Conditions,7,24 HOUR,PM25 Annual 2024,2024-01-01,Micrograms/cubic meter (LC),No Events,1,100.0,Y,2.6,2.6,0,14.0,545,Met One E-SEQ-FRM PM2.5 with VSCC - Gravimetric,COM ED MAINTENANCE BLDG,7801 LAWNDALE,Illinois,Cook,Chicago,16980.0,"Chicago-Naperville-Elgin, IL-IN-WI",2025-02-07,Chicago,Chicago City,2721308.0
17,31,22,88101,1,41.687165,-87.539315,WGS84,PM2.5 - Local Conditions,7,24 HOUR,PM25 24-hour 2006,2024-01-01,Micrograms/cubic meter (LC),No Events,1,100.0,Y,2.3,2.3,0,13.0,545,Met One E-SEQ-FRM PM2.5 with VSCC - Gravimetric,WASHINGTON HS,3535 E. 114TH ST.,Illinois,Cook,Chicago,16980.0,"Chicago-Naperville-Elgin, IL-IN-WI",2025-02-13,Chicago,Chicago City,2721308.0
17,31,22,88101,1,41.687165,-87.539315,WGS84,PM2.5 - Local Conditions,7,24 HOUR,PM25 Annual 2006,2024-01-01,Micrograms/cubic meter (LC),No Events,1,100.0,Y,2.3,2.3,0,13.0,545,Met One E-SEQ-FRM PM2.5 with VSCC - Gravimetric,WASHINGTON HS,3535 E. 114TH ST.,Illinois,Cook,Chicago,16980.0,"Chicago-Naperville-Elgin, IL-IN-WI",2025-02-13,Chicago,Chicago City,2721308.0
17,31,22,88101,1,41.687165,-87.539315,WGS84,PM2.5 - Local Conditions,7,24 HOUR,PM25 24-hour 2012,2024-01-01,Micrograms/cubic meter (LC),No Events,1,100.0,Y,2.3,2.3,0,13.0,545,Met One E-SEQ-FRM PM2.5 with VSCC - Gravimetric,WASHINGTON HS,3535 E. 114TH ST.,Illinois,Cook,Chicago,16980.0,"Chicago-Naperville-Elgin, IL-IN-WI",2025-02-13,Chicago,Chicago City,2721308.0
17,31,22,88101,1,41.687165,-87.539315,WGS84,PM2.5 - Local Conditions,7,24 HOUR,PM25 Annual 2012,2024-01-01,Micrograms/cubic meter (LC),No Events,1,100.0,Y,2.3,2.3,0,13.0,545,Met One E-SEQ-FRM PM2.5 with VSCC - Gravimetric,WASHINGTON HS,3535 E. 114TH ST.,Illinois,Cook,Chicago,16980.0,"Chicago-Naperville-Elgin, IL-IN-WI",2025-02-13,Chicago,Chicago City,2721308.0
17,31,22,88101,1,41.687165,-87.539315,WGS84,PM2.5 - Local Conditions,7,24 HOUR,PM25 24-hour 1997,2024-01-01,Micrograms/cubic meter (LC),No Events,1,100.0,Y,2.3,2.3,0,13.0,545,Met One E-SEQ-FRM PM2.5 with VSCC - Gravimetric,WASHINGTON HS,3535 E. 114TH ST.,Illinois,Cook,Chicago,16980.0,"Chicago-Naperville-Elgin, IL-IN-WI",2025-02-13,Chicago,Chicago City,2721308.0
17,31,22,88101,1,41.687165,-87.539315,WGS84,PM2.5 - Local Conditions,7,24 HOUR,PM25 Annual 1997,2024-01-01,Micrograms/cubic meter (LC),No Events,1,100.0,Y,2.3,2.3,0,13.0,545,Met One E-SEQ-FRM PM2.5 with VSCC - Gravimetric,WASHINGTON HS,3535 E. 114TH ST.,Illinois,Cook,Chicago,16980.0,"Chicago-Naperville-Elgin, IL-IN-WI",2025-02-13,Chicago,Chicago City,2721308.0
17,31,22,88101,1,41.687165,-87.539315,WGS84,PM2.5 - Local Conditions,7,24 HOUR,PM25 24-hour 2024,2024-01-01,Micrograms/cubic meter (LC),No Events,1,100.0,Y,2.3,2.3,0,13.0,545,Met One E-SEQ-FRM PM2.5 with VSCC - Gravimetric,WASHINGTON HS,3535 E. 114TH ST.,Illinois,Cook,Chicago,16980.0,"Chicago-Naperville-Elgin, IL-IN-WI",2025-02-13,Chicago,Chicago City,2721308.0
17,31,22,88101,1,41.687165,-87.539315,WGS84,PM2.5 - Local Conditions,7,24 HOUR,PM25 Annual 2024,2024-01-01,Micrograms/cubic meter (LC),No Events,1,100.0,Y,2.3,2.3,0,13.0,545,Met One E-SEQ-FRM PM2.5 with VSCC - Gravimetric,WASHINGTON HS,3535 E. 114TH ST.,Illinois,Cook,Chicago,16980.0,"Chicago-Naperville-Elgin, IL-IN-WI",2025-02-13,Chicago,Chicago City,2721308.0
17,31,57,88101,1,41.912739,-87.722673,NAD83,PM2.5 - Local Conditions,7,24 HOUR,PM25 24-hour 2006,2024-01-01,Micrograms/cubic meter (LC),No Events,1,100.0,Y,2.1,2.1,0,12.0,545,Met One E-SEQ-FRM PM2.5 with VSCC - Gravimetric,SPRINGFIELD PUMP STATION,1745 N. SPRINGFIELD,Illinois,Cook,Chicago,16980.0,"Chicago-Naperville-Elgin, IL-IN-WI",2025-01-03,Chicago,Chicago City,2721308.0
17,31,57,88101,1,41.912739,-87.722673,NAD83,PM2.5 - Local Conditions,7,24 HOUR,PM25 Annual 2006,2024-01-01,Micrograms/cubic meter (LC),No Events,1,100.0,Y,2.1,2.1,0,12.0,545,Met One E-SEQ-FRM PM2.5 with VSCC - Gravimetric,SPRINGFIELD PUMP STATION,1745 N. SPRINGFIELD,Illinois,Cook,Chicago,16980.0,"Chicago-Naperville-Elgin, IL-IN-WI",2025-01-03,Chicago,Chicago City,2721308.0
17,31,57,88101,1,41.912739,-87.722673,NAD83,PM2.5 - Local Conditions,7,24 HOUR,PM25 24-hour 2012,2024-01-01,Micrograms/cubic meter (LC),No Events,1,100.0,Y,2.1,2.1,0,12.0,545,Met One E-SEQ-FRM PM2.5 with VSCC - Gravimetric,SPRINGFIELD PUMP STATION,1745 N. SPRINGFIELD,Illinois,Cook,Chicago,16980.0,"Chicago-Naperville-Elgin, IL-IN-WI",2025-01-03,Chicago,Chicago City,2721308.0
17,31,57,88101,1,41.912739,-87.722673,NAD83,PM2.5 - Local Conditions,7,24 HOUR,PM25 Annual 2012,2024-01-01,Micrograms/cubic meter (LC),No Events,1,100.0,Y,2.1,2.1,0,12.0,545,Met One E-SEQ-FRM PM2.5 with VSCC - Gravimetric,SPRINGFIELD PUMP STATION,1745 N. SPRINGFIELD,Illinois,Cook,Chicago,16980.0,"Chicago-Naperville-Elgin, IL-IN-WI",2025-01-03,Chicago,Chicago City,2721308.0
17,31,57,88101,1,41.912739,-87.722673,NAD83,PM2.5 - Local Conditions,7,24 HOUR,PM25 24-hour 1997,2024-01-01,Micrograms/cubic meter (LC),No Events,1,100.0,Y,2.1,2.1,0,12.0,545,Met One E-SEQ-FRM PM2.5 with VSCC - Gravimetric,SPRINGFIELD PUMP STATION,1745 N. SPRINGFIELD,Illinois,Cook,Chicago,16980.0,"Chicago-Naperville-Elgin, IL-IN-WI",2025-01-03,Chicago,Chicago City,2721308.0
17,31,57,88101,1,41.912739,-87.722673,NAD83,PM2.5 - Local Conditions,7,24 HOUR,PM25 Annual 1997,2024-01-01,Micrograms/cubic meter (LC),No Events,1,100.0,Y,2.1,2.1,0,12.0,545,Met One E-SEQ-FRM PM2.5 with VSCC - Gravimetric,SPRINGFIELD PUMP STATION,1745 N. SPRINGFIELD,Illinois,Cook,Chicago,16980.0,"Chicago-Naperville-Elgin, IL-IN-WI",2025-01-03,Chicago,Chicago City,2721308.0
17,31,57,88101,1,41.912739,-87.722673,NAD83,PM2.5 - Local Conditions,7,24 HOUR,PM25 24-hour 2024,2024-01-01,Micrograms/cubic meter (LC),No Events,1,100.0,Y,2.1,2.1,0,12.0,545,Met One E-SEQ-FRM PM2.5 with VSCC - Gravimetric,SPRINGFIELD PUMP STATION,1745 N. SPRINGFIELD,Illinois,Cook,Chicago,16980.0,"Chicago-Naperville-Elgin, IL-IN-WI",2025-01-03,Chicago,Chicago City,2721308.0
17,31,57,88101,1,41.912739,-87.722673,NAD83,PM2.5 - Local Conditions,7,24 HOUR,PM25 Annual 2024,2024-01-01,Micrograms/cubic meter (LC),No Events,1,100.0,Y,2.1,2.1,0,12.0,545,Met One E-SEQ-FRM PM2.5 with VSCC - Gravimetric,SPRINGFIELD PUMP STATION,1745 N. SPRINGFIELD,Illinois,Cook,Chicago,16980.0,"Chicago-Naperville-Elgin, IL-IN-WI",2025-01-03,Chicago,Chicago City,2721308.0
17,31,6005,88101,1,41.864426,-87.748902,WGS84,PM2.5 - Local Conditions,7,24 HOUR,PM25 24-hour 2006,2024-01-01,Micrograms/cubic meter (LC),No Events,1,100.0,Y,2.5,2.5,0,14.0,545,Met One E-SEQ-FRM PM2.5 with VSCC - Gravimetric,LIBERTY SCHOOL,13TH ST. & 50TH AVE.,Illinois,Cook,Cicero,16980.0,"Chicago-Naperville-Elgin, IL-IN-WI",2025-02-07,Cicero,Cicero Town,82090.0
17,31,6005,88101,1,41.864426,-87.748902,WGS84,PM2.5 - Local Conditions,7,24 HOUR,PM25 Annual 2006,2024-01-01,Micrograms/cubic meter (LC),No Events,1,100.0,Y,2.5,2.5,0,14.0,545,Met One E-SEQ-FRM PM2.5 with VSCC - Gravimetric,LIBERTY SCHOOL,13TH ST. & 50TH AVE.,Illinois,Cook,Cicero,16980.0,"Chicago-Naperville-Elgin, IL-IN-WI",2025-02-07,Cicero,Cicero Town,82090.0
17,31,6005,88101,1,41.864426,-87.748902,WGS84,PM2.5 - Local Conditions,7,24 HOUR,PM25 24-hour 2012,2024-01-01,Micrograms/cubic meter (LC),No Events,1,100.0,Y,2.5,2.5,0,14.0,545,Met One E-SEQ-FRM PM2.5 with VSCC - Gravimetric,LIBERTY SCHOOL,13TH ST. & 50TH AVE.,Illinois,Cook,Cicero,16980.0,"Chicago-Naperville-Elgin, IL-IN-WI",2025-02-07,Cicero,Cicero Town,82090.0
17,31,6005,88101,1,41.864426,-87.748902,WGS84,PM2.5 - Local Conditions,7,24 HOUR,PM25 Annual 2012,2024-01-01,Micrograms/cubic meter (LC),No Events,1,100.0,Y,2.5,2.5,0,14.0,545,Met One E-SEQ-FRM PM2.5 with VSCC - Gravimetric,LIBERTY SCHOOL,13TH ST. & 50TH AVE.,Illinois,Cook,Cicero,16980.0,"Chicago-Naperville-Elgin, IL-IN-WI",2025-02-07,Cicero,Cicero Town,82090.0
17,31,6005,88101,1,41.864426,-87.748902,WGS84,PM2.5 - Local Conditions,7,24 HOUR,PM25 24-hour 1997,2024-01-01,Micrograms/cubic meter (LC),No Events,1,100.0,Y,2.5,2.5,0,14.0,545,Met One E-SEQ-FRM PM2.5 with VSCC - Gravimetric,LIBERTY SCHOOL,13TH ST. & 50TH AVE.,Illinois,Cook,Cicero,16980.0,"Chicago-Naperville-Elgin, IL-IN-WI",2025-02-07,Cicero,Cicero Town,82090.0
17,31,6005,88101,1,41.864426,-87.748902,WGS84,PM2.5 - Local Conditions,7,24 HOUR,PM25 Annual 1997,2024-01-01,Micrograms/cubic meter (LC),No Events,1,100.0,Y,2.5,2.5,0,14.0,545,Met One E-SEQ-FRM PM2.5 with VSCC - Gravimetric,LIBERTY SCHOOL,13TH ST. & 50TH AVE.,Illinois,Cook,Cicero,16980.0,"Chicago-Naperville-Elgin, IL-IN-WI",2025-02-07,Cicero,Cicero Town,82090.0
17,31,6005,88101,1,41.864426,-87.748902,WGS84,PM2.5 - Local Conditions,7,24 HOUR,PM25 24-hour 2024,2024-01-01,Micrograms/cubic meter (LC),No Events,1,100.0,Y,2.5,2.5,0,14.0,545,Met One E-SEQ-FRM PM2.5 with VSCC - Gravimetric,LIBERTY SCHOOL,13TH ST. & 50TH AVE.,Illinois,Cook,Cicero,16980.0,"Chicago-Naperville-Elgin, IL-IN-WI",2025-02-07,Cicero,Cicero Town,82090.0
17,31,6005,88101,1,41.864426,-87.748902,WGS84,PM2.5 - Local Conditions,7,24 HOUR,PM25 Annual 2024,2024-01-01,Micrograms/cubic meter (LC),No Events,1,100.0,Y,2.5,2.5,0,14.0,545,Met One E-SEQ-FRM PM2.5 with VSCC - Gravimetric,LIBERTY SCHOOL,13TH ST. & 50TH AVE.,Illinois,Cook,Cicero,16980.0,"Chicago-Naperville-Elgin, IL-IN-WI",2025-02-07,Cicero,Cicero Town,82090.0
17,89,7,88101,1,41.784717,-88.329374,WGS84,PM2.5 - Local Conditions,7,24 HOUR,PM25 24-hour 2006,2024-01-01,Micrograms/cubic meter (LC),No Events,1,100.0,Y,1.6,1.6,0,9.0,143,R & P Model 2000 PM-2.5 Air Sampler w/VSCC - Gravimetric,KANE COUNTY HEALTH DEPT,1240 N. HIGHLAND AVE.,Illinois,Kane,Aurora,16980.0,"Chicago-Naperville-Elgin, IL-IN-WI",2024-12-19,Aurora,Aurora City,180710.0
17,89,7,88101,1,41.784717,-88.329374,WGS84,PM2.5 - Local Conditions,7,24 HOUR,PM25 Annual 2006,2024-01-01,Micrograms/cubic meter (LC),No Events,1,100.0,Y,1.6,1.6,0,9.0,143,R & P Model 2000 PM-2.5 Air Sampler w/VSCC - Gravimetric,KANE COUNTY HEALTH DEPT,1240 N. HIGHLAND AVE.,Illinois,Kane,Aurora,16980.0,"Chicago-Naperville-Elgin, IL-IN-WI",2024-12-19,Aurora,Aurora City,180710.0
17,89,7,88101,1,41.784717,-88.329374,WGS84,PM2.5 - Local Conditions,7,24 HOUR,PM25 24-hour 2012,2024-01-01,Micrograms/cubic meter (LC),No Events,1,100.0,Y,1.6,1.6,0,9.0,143,R & P Model 2000 PM-2.5 Air Sampler w/VSCC - Gravimetric,KANE COUNTY HEALTH DEPT,1240 N. HIGHLAND AVE.,Illinois,Kane,Aurora,16980.0,"Chicago-Naperville-Elgin, IL-IN-WI",2024-12-19,Aurora,Aurora City,180710.0
17,89,7,88101,1,41.784717,-88.329374,WGS84,PM2.5 - Local Conditions,7,24 HOUR,PM25 Annual 2012,2024-01-01,Micrograms/cubic meter (LC),No Events,1,100.0,Y,1.6,1.6,0,9.0,143,R & P Model 2000 PM-2.5 Air Sampler w/VSCC - Gravimetric,KANE COUNTY HEALTH DEPT,1240 N. HIGHLAND AVE.,Illinois,Kane,Aurora,16980.0,"Chicago-Naperville-Elgin, IL-IN-WI",2024-12-19,Aurora,Aurora City,180710.0
17,89,7,88101,1,41.784717,-88.329374,WGS84,PM2.5 - Local Conditions,7,24 HOUR,PM25 24-hour 1997,2024-01-01,Micrograms/cubic meter (LC),No Events,1,100.0,Y,1.6,1.6,0,9.0,143,R & P Model 2000 PM-2.5 Air Sampler w/VSCC - Gravimetric,KANE COUNTY HEALTH DEPT,1240 N. HIGHLAND AVE.,Illinois,Kane,Aurora,16980.0,"Chicago-Naperville-Elgin, IL-IN-WI",2024-12-19,Aurora,Aurora City,180710.0
17,89,7,88101,1,41.784717,-88.329374,WGS84,PM2.5 - Local Conditions,7,24 HOUR,PM25 Annual 1997,2024-01-01,Micrograms/cubic meter (LC),No Events,1,100.0,Y,1.6,1.6,0,9.0,143,R & P Model 2000 PM-2.5 Air Sampler w/VSCC - Gravimetric,KANE COUNTY HEALTH DEPT,1240 N. HIGHLAND AVE.,Illinois,Kane,Aurora,16980.0,"Chicago-Naperville-Elgin, IL-IN-WI",2024-12-19,Aurora,Aurora City,180710.0
17,89,7,88101,1,41.784717,-88.329374,WGS84,PM2.5 - Local Conditions,7,24 HOUR,PM25 24-hour 2024,2024-01-01,Micrograms/cubic meter (LC),No Events,1,100.0,Y,1.6,1.6,0,9.0,143,R & P Model 2000 PM-2.5 Air Sampler w/VSCC - Gravimetric,KANE COUNTY HEALTH DEPT,1240 N. HIGHLAND AVE.,Illinois,Kane,Aurora,16980.0,"Chicago-Naperville-Elgin, IL-IN-WI",2024-12-19,Aurora,Aurora City,180710.0
17,89,7,88101,1,41.784717,-88.329374,WGS84,PM2.5 - Local Conditions,7,24 HOUR,PM25 Annual 2024,2024-01-01,Micrograms/cubic meter (LC),No Events,1,100.0,Y,1.6,1.6,0,9.0,143,R & P Model 2000 PM-2.5 Air Sampler w/VSCC - Gravimetric,KANE COUNTY HEALTH DEPT,1240 N. HIGHLAND AVE.,Illinois,Kane,Aurora,16980.0,"Chicago-Naperville-Elgin, IL-IN-WI",2024-12-19,Aurora,Aurora City,180710.0
17,19,1001,88101,1,40.05278,-88.37251,WGS84,PM2.5 - Local Conditions,7,24 HOUR,PM25 24-hour 2006,2024-01-01,Micrograms/cubic meter (LC),No Events,1,100.0,Y,5.2,5.2,0,29.0,143,R & P Model 2000 PM-2.5 Air Sampler w/VSCC - Gravimetric,ISWS CLIMATE STATION,TWP RD 500 E.,Illinois,Champaign,Bondville,16580.0,"Champaign-Urbana, IL",2025-02-07,Bondville,Bondville Village,382.0
17,19,1001,88101,1,40.05278,-88.37251,WGS84,PM2.5 - Local Conditions,7,24 HOUR,PM25 Annual 2006,2024-01-01,Micrograms/cubic meter (LC),No Events,1,100.0,Y,5.2,5.2,0,29.0,143,R & P Model 2000 PM-2.5 Air Sampler w/VSCC - Gravimetric,ISWS CLIMATE STATION,TWP RD 500 E.,Illinois,Champaign,Bondville,16580.0,"Champaign-Urbana, IL",2025-02-07,Bondville,Bondville Village,382.0
17,19,1001,88101,1,40.05278,-88.37251,WGS84,PM2.5 - Local Conditions,7,24 HOUR,PM25 24-hour 2012,2024-01-01,Micrograms/cubic meter (LC),No Events,1,100.0,Y,5.2,5.2,0,29.0,143,R & P Model 2000 PM-2.5 Air Sampler w/VSCC - Gravimetric,ISWS CLIMATE STATION,TWP RD 500 E.,Illinois,Champaign,Bondville,16580.0,"Champaign-Urbana, IL",2025-02-07,Bondville,Bondville Village,382.0
17,19,1001,88101,1,40.05278,-88.37251,WGS84,PM2.5 - Local Conditions,7,24 HOUR,PM25 Annual 2012,2024-01-01,Micrograms/cubic meter (LC),No Events,1,100.0,Y,5.2,5.2,0,29.0,143,R & P Model 2000 PM-2.5 Air Sampler w/VSCC - Gravimetric,ISWS CLIMATE STATION,TWP RD 500 E.,Illinois,Champaign,Bondville,16580.0,"Champaign-Urbana, IL",2025-02-07,Bondville,Bondville Village,382.0
17,19,1001,88101,1,40.05278,-88.37251,WGS84,PM2.5 - Local Conditions,7,24 HOUR,PM25 24-hour 1997,2024-01-01,Micrograms/cubic meter (LC),No Events,1,100.0,Y,5.2,5.2,0,29.0,143,R & P Model 2000 PM-2.5 Air Sampler w/VSCC - Gravimetric,ISWS CLIMATE STATION,TWP RD 500 E.,Illinois,Champaign,Bondville,16580.0,"Champaign-Urbana, IL",2025-02-07,Bondville,Bondville Village,382.0
17,19,1001,88101,1,40.05278,-88.37251,WGS84,PM2.5 - Local Conditions,7,24 HOUR,PM25 Annual 1997,2024-01-01,Micrograms/cubic meter (LC),No Events,1,100.0,Y,5.2,5.2,0,29.0,143,R & P Model 2000 PM-2.5 Air Sampler w/VSCC - Gravimetric,ISWS CLIMATE STATION,TWP RD 500 E.,Illinois,Champaign,Bondville,16580.0,"Champaign-Urbana, IL",2025-02-07,Bondville,Bondville Village,382.0
17,19,1001,88101,1,40.05278,-88.37251,WGS84,PM2.5 - Local Conditions,7,24 HOUR,PM25 24-hour 2024,2024-01-01,Micrograms/cubic meter (LC),No Events,1,100.0,Y,5.2,5.2,0,29.0,143,R & P Model 2000 PM-2.5 Air Sampler w/VSCC - Gravimetric,ISWS CLIMATE STATION,TWP RD 500 E.,Illinois,Champaign,Bondville,16580.0,"Champaign-Urbana, IL",2025-02-07,Bondville,Bondville Village,382.0
17,19,1001,88101,1,40.05278,-88.37251,WGS84,PM2.5 - Local Conditions,7,24 HOUR,PM25 Annual 2024,2024-01-01,Micrograms/cubic meter (LC),No Events,1,100.0,Y,5.2,5.2,0,29.0,143,R & P Model 2000 PM-2.5 Air Sampler w/VSCC - Gravimetric,ISWS CLIMATE STATION,TWP RD 500 E.,Illinois,Champaign,Bondville,16580.0,"Champaign-Urbana, IL",2025-02-07,Bondville,Bondville Village,382.0
17,31,3103,88101,9,41.965193,-87.876265,WGS84,PM2.5 - Local Conditions,7,24 HOUR,PM25 24-hour 2006,2024-01-01,Micrograms/cubic meter (LC),No Events,1,100.0,Y,3.4,3.4,0,19.0,143,R & P Model 2000 PM-2.5 Air Sampler w/VSCC - Gravimetric,IEPA TRAILER,4743 MANNHEIM RD.,Illinois,Cook,Schiller Park,16980.0,"Chicago-Naperville-Elgin, IL-IN-WI",2025-02-07,Schiller Park,Schiller Park Village,11325.0
17,31,3103,88101,9,41.965193,-87.876265,WGS84,PM2.5 - Local Conditions,7,24 HOUR,PM25 Annual 2006,2024-01-01,Micrograms/cubic meter (LC),No Events,1,100.0,Y,3.4,3.4,0,19.0,143,R & P Model 2000 PM-2.5 Air Sampler w/VSCC - Gravimetric,IEPA TRAILER,4743 MANNHEIM RD.,Illinois,Cook,Schiller Park,16980.0,"Chicago-Naperville-Elgin, IL-IN-WI",2025-02-07,Schiller Park,Schiller Park Village,11325.0
17,31,3103,88101,9,41.965193,-87.876265,WGS84,PM2.5 - Local Conditions,7,24 HOUR,PM25 24-hour 2012,2024-01-01,Micrograms/cubic meter (LC),No Events,1,100.0,Y,3.4,3.4,0,19.0,143,R & P Model 2000 PM-2.5 Air Sampler w/VSCC - Gravimetric,IEPA TRAILER,4743 MANNHEIM RD.,Illinois,Cook,Schiller Park,16980.0,"Chicago-Naperville-Elgin, IL-IN-WI",2025-02-07,Schiller Park,Schiller Park Village,11325.0
17,31,3103,88101,9,41.965193,-87.876265,WGS84,PM2.5 - Local Conditions,7,24 HOUR,PM25 Annual 2012,2024-01-01,Micrograms/cubic meter (LC),No Events,1,100.0,Y,3.4,3.4,0,19.0,143,R & P Model 2000 PM-2.5 Air Sampler w/VSCC - Gravimetric,IEPA TRAILER,4743 MANNHEIM RD.,Illinois,Cook,Schiller Park,16980.0,"Chicago-Naperville-Elgin, IL-IN-WI",2025-02-07,Schiller Park,Schiller Park Village,11325.0
17,31,3103,88101,9,41.965193,-87.876265,WGS84,PM2.5 - Local Conditions,7,24 HOUR,PM25 24-hour 1997,2024-01-01,Micrograms/cubic meter (LC),No Events,1,100.0,Y,3.4,3.4,0,19.0,143,R & P Model 2000 PM-2.5 Air Sampler w/VSCC - Gravimetric,IEPA TRAILER,4743 MANNHEIM RD.,Illinois,Cook,Schiller Park,16980.0,"Chicago-Naperville-Elgin, IL-IN-WI",2025-02-07,Schiller Park,Schiller Park Village,11325.0
17,31,3103,88101,9,41.965193,-87.876265,WGS84,PM2.5 - Local Conditions,7,24 HOUR,PM25 Annual 1997,2024-01-01,Micrograms/cubic meter (LC),No Events,1,100.0,Y,3.4,3.4,0,19.0,143,R & P Model 2000 PM-2.5 Air Sampler w/VSCC - Gravimetric,IEPA TRAILER,4743 MANNHEIM RD.,Illinois,Cook,Schiller Park,16980.0,"Chicago-Naperville-Elgin, IL-IN-WI",2025-02-07,Schiller Park,Schiller Park Village,11325.0
17,31,3103,88101,9,41.965193,-87.876265,WGS84,PM2.5 - Local Conditions,7,24 HOUR,PM25 24-hour 2024,2024-01-01,Micrograms/cubic meter (LC),No Events,1,100.0,Y,3.4,3.4,0,19.0,143,R & P Model 2000 PM-2.5 Air Sampler w/VSCC - Gravimetric,IEPA TRAILER,4743 MANNHEIM RD.,Illinois,Cook,Schiller Park,16980.0,"Chicago-Naperville-Elgin, IL-IN-WI",2025-02-07,Schiller Park,Schiller Park Village,11325.0
17,31,3103,88101,9,41.965193,-87.876265,WGS84,PM2.5 - Local Conditions,7,24 HOUR,PM25 Annual 2024,2024-01-01,Micrograms/cubic meter (LC),No Events,1,100.0,Y,3.4,3.4,0,19.0,143,R & P Model 2000 PM-2.5 Air Sampler w/VSCC - Gravimetric,IEPA TRAILER,4743 MANNHEIM RD.,Illinois,Cook,Schiller Park,16980.0,"Chicago-Naperville-Elgin, IL-IN-WI",2025-02-07,Schiller Park,Schiller Park Village,11325.0
17,83,117,88101,3,39.101439,-90.344494,NAD83,PM2.5 - Local Conditions,1,1 HOUR,,2024-01-01,Micrograms/cubic meter (LC),No Events,24,100.0,Y,3.7625,6.1,21,,636,Teledyne T640 at 5.0 LPM w/Network Data Alignment enabled - Broadband spectroscopy,JERSEYVILLE WATER TREATMENT PLANT (WTP),1320 MAPLE SUMMTT ROAD,Illinois,Jersey,Jerseyville,41180.0,"St. Louis, MO-IL",2025-03-08,Jerseyville,Jerseyville City,8350.0
17,83,117,88101,3,39.101439,-90.344494,NAD83,PM2.5 - Local Conditions,X,24-HR BLK AVG,PM25 24-hour 2006,2024-01-01,Micrograms/cubic meter (LC),No Events,1,100.0,Y,3.7,3.7,0,21.0,636,Teledyne T640 at 5.0 LPM w/Network Data Alignment enabled - Broadband spectroscopy,JERSEYVILLE WATER TREATMENT PLANT (WTP),1320 MAPLE SUMMTT ROAD,Illinois,Jersey,Jerseyville,41180.0,"St. Louis, MO-IL",2025-03-08,Jerseyville,Jerseyville City,8350.0
17,83,117,88101,3,39.101439,-90.344494,NAD83,PM2.5 - Local Conditions,X,24-HR BLK AVG,PM25 Annual 2006,2024-01-01,Micrograms/cubic meter (LC),No Events,1,100.0,Y,3.7,3.7,0,21.0,636,Teledyne T640 at 5.0 LPM w/Network Data Alignment enabled - Broadband spectroscopy,JERSEYVILLE WATER TREATMENT PLANT (WTP),1320 MAPLE SUMMTT ROAD,Illinois,Jersey,Jerseyville,41180.0,"St. Louis, MO-IL",2025-03-08,Jerseyville,Jerseyville City,8350.0
17,83,117,88101,3,39.101439,-90.344494,NAD83,PM2.5 - Local Conditions,X,24-HR BLK AVG,PM25 24-hour 2012,2024-01-01,Micrograms/cubic meter (LC),No Events,1,100.0,Y,3.7,3.7,0,21.0,636,Teledyne T640 at 5.0 LPM w/Network Data Alignment enabled - Broadband spectroscopy,JERSEYVILLE WATER TREATMENT PLANT (WTP),1320 MAPLE SUMMTT ROAD,Illinois,Jersey,Jerseyville,41180.0,"St. Louis, MO-IL",2025-03-08,Jerseyville,Jerseyville City,8350.0
17,83,117,88101,3,39.101439,-90.344494,NAD83,PM2.5 - Local Conditions,X,24-HR BLK AVG,PM25 Annual 2012,2024-01-01,Micrograms/cubic meter (LC),No Events,1,100.0,Y,3.7,3.7,0,21.0,636,Teledyne T640 at 5.0 LPM w/Network Data Alignment enabled - Broadband spectroscopy,JERSEYVILLE WATER TREATMENT PLANT (WTP),1320 MAPLE SUMMTT ROAD,Illinois,Jersey,Jerseyville,41180.0,"St. Louis, MO-IL",2025-03-08,Jerseyville,Jerseyville City,8350.0
17,83,117,88101,3,39.101439,-90.344494,NAD83,PM2.5 - Local Conditions,X,24-HR BLK AVG,PM25 24-hour 1997,2024-01-01,Micrograms/cubic meter (LC),No Events,1,100.0,Y,3.7,3.7,0,21.0,636,Teledyne T640 at 5.0 LPM w/Network Data Alignment enabled - Broadband spectroscopy,JERSEYVILLE WATER TREATMENT PLANT (WTP),1320 MAPLE SUMMTT ROAD,Illinois,Jersey,Jerseyville,41180.0,"St. Louis, MO-IL",2025-03-08,Jerseyville,Jerseyville City,8350.0
17,83,117,88101,3,39.101439,-90.344494,NAD83,PM2.5 - Local Conditions,X,24-HR BLK AVG,PM25 Annual 1997,2024-01-01,Micrograms/cubic meter (LC),No Events,1,100.0,Y,3.7,3.7,0,21.0,636,Teledyne T640 at 5.0 LPM w/Network Data Alignment enabled - Broadband spectroscopy,JERSEYVILLE WATER TREATMENT PLANT (WTP),1320 MAPLE SUMMTT ROAD,Illinois,Jersey,Jerseyville,41180.0,"St. Louis, MO-IL",2025-03-08,Jerseyville,Jerseyville City,8350.0
17,83,117,88101,3,39.101439,-90.344494,NAD83,PM2.5 - Local Conditions,X,24-HR BLK AVG,PM25 24-hour 2024,2024-01-01,Micrograms/cubic meter (LC),No Events,1,100.0,Y,3.7,3.7,0,21.0,636,Teledyne T640 at 5.0 LPM w/Network Data Alignment enabled - Broadband spectroscopy,JERSEYVILLE WATER TREATMENT PLANT (WTP),1320 MAPLE SUMMTT ROAD,Illinois,Jersey,Jerseyville,41180.0,"St. Louis, MO-IL",2025-03-08,Jerseyville,Jerseyville City,8350.0
17,83,117,88101,3,39.101439,-90.344494,NAD83,PM2.5 - Local Conditions,X,24-HR BLK AVG,PM25 Annual 2024,2024-01-01,Micrograms/cubic meter (LC),No Events,1,100.0,Y,3.7,3.7,0,21.0,636,Teledyne T640 at 5.0 LPM w/Network Data Alignment enabled - Broadband spectroscopy,JERSEYVILLE WATER TREATMENT PLANT (WTP),1320 MAPLE SUMMTT ROAD,Illinois,Jersey,Jerseyville,41180.0,"St. Louis, MO-IL",2025-03-08,Jerseyville,Jerseyville City,8350.0
17,113,2003,88101,3,40.518735,-88.996896,WGS84,PM2.5 - Local Conditions,1,1 HOUR,,2024-01-01,Micrograms/cubic meter (LC),No Events,24,100.0,Y,3.1125,5.3,21,,636,Teledyne T640 at 5.0 LPM w/Network Data Alignment enabled - Broadband spectroscopy,ISU HARRIS PHYSICAL PLANT,MAIN & GREGORY,Illinois,McLean,Normal,14010.0,"Bloomington, IL",2025-03-08,Normal,Normal Town,53304.0
17,113,2003,88101,3,40.518735,-88.996896,WGS84,PM2.5 - Local Conditions,X,24-HR BLK AVG,PM25 24-hour 2006,2024-01-01,Micrograms/cubic meter (LC),No Events,1,100.0,Y,3.1,3.1,0,17.0,636,Teledyne T640 at 5.0 LPM w/Network Data Alignment enabled - Broadband spectroscopy,ISU HARRIS PHYSICAL PLANT,MAIN & GREGORY,Illinois,McLean,Normal,14010.0,"Bloomington, IL",2025-03-08,Normal,Normal Town,53304.0
17,113,2003,88101,3,40.518735,-88.996896,WGS84,PM2.5 - Local Conditions,X,24-HR BLK AVG,PM25 Annual 2006,2024-01-01,Micrograms/cubic meter (LC),No Events,1,100.0,Y,3.1,3.1,0,17.0,636,Teledyne T640 at 5.0 LPM w/Network Data Alignment enabled - Broadband spectroscopy,ISU HARRIS PHYSICAL PLANT,MAIN & GREGORY,Illinois,McLean,Normal,14010.0,"Bloomington, IL",2025-03-08,Normal,Normal Town,53304.0
17,113,2003,88101,3,40.518735,-88.996896,WGS84,PM2.5 - Local Conditions,X,24-HR BLK AVG,PM25 24-hour 2012,2024-01-01,Micrograms/cubic meter (LC),No Events,1,100.0,Y,3.1,3.1,0,17.0,636,Teledyne T640 at 5.0 LPM w/Network Data Alignment enabled - Broadband spectroscopy,ISU HARRIS PHYSICAL PLANT,MAIN & GREGORY,Illinois,McLean,Normal,14010.0,"Bloomington, IL",2025-03-08,Normal,Normal Town,53304.0
17,113,2003,88101,3,40.518735,-88.996896,WGS84,PM2.5 - Local Conditions,X,24-HR BLK AVG,PM25 Annual 2012,2024-01-01,Micrograms/cubic meter (LC),No Events,1,100.0,Y,3.1,3.1,0,17.0,636,Teledyne T640 at 5.0 LPM w/Network Data Alignment enabled - Broadband spectroscopy,ISU HARRIS PHYSICAL PLANT,MAIN & GREGORY,Illinois,McLean,Normal,14010.0,"Bloomington, IL",2025-03-08,Normal,Normal Town,53304.0
17,113,2003,88101,3,40.518735,-88.996896,WGS84,PM2.5 - Local Conditions,X,24-HR BLK AVG,PM25 24-hour 1997,2024-01-01,Micrograms/cubic meter (LC),No Events,1,100.0,Y,3.1,3.1,0,17.0,636,Teledyne T640 at 5.0 LPM w/Network Data Alignment enabled - Broadband spectroscopy,ISU HARRIS PHYSICAL PLANT,MAIN & GREGORY,Illinois,McLean,Normal,14010.0,"Bloomington, IL",2025-03-08,Normal,Normal Town,53304.0
17,113,2003,88101,3,40.518735,-88.996896,WGS84,PM2.5 - Local Conditions,X,24-HR BLK AVG,PM25 Annual 1997,2024-01-01,Micrograms/cubic meter (LC),No Events,1,100.0,Y,3.1,3.1,0,17.0,636,Teledyne T640 at 5.0 LPM w/Network Data Alignment enabled - Broadband spectroscopy,ISU HARRIS PHYSICAL PLANT,MAIN & GREGORY,Illinois,McLean,Normal,14010.0,"Bloomington, IL",2025-03-08,Normal,Normal Town,53304.0
17,113,2003,88101,3,40.518735,-88.996896,WGS84,PM2.5 - Local Conditions,X,24-HR BLK AVG,PM25 24-hour 2024,2024-01-01,Micrograms/cubic meter (LC),No Events,1,100.0,Y,3.1,3.1,0,17.0,636,Teledyne T640 at 5.0 LPM w/Network Data Alignment enabled - Broadband spectroscopy,ISU HARRIS PHYSICAL PLANT,MAIN & GREGORY,Illinois,McLean,Normal,14010.0,"Bloomington, IL",2025-03-08,Normal,Normal Town,53304.0
17,113,2003,88101,3,40.518735,-88.996896,WGS84,PM2.5 - Local Conditions,X,24-HR BLK AVG,PM25 Annual 2024,2024-01-01,Micrograms/cubic meter (LC),No Events,1,100.0,Y,3.1,3.1,0,17.0,636,Teledyne T640 at 5.0 LPM w/Network Data Alignment enabled - Broadband spectroscopy,ISU HARRIS PHYSICAL PLANT,MAIN & GREGORY,Illinois,McLean,Normal,14010.0,"Bloomington, IL",2025-03-08,Normal,Normal Town,53304.0
17,113,2003,88101,9,40.518735,-88.996896,WGS84,PM2.5 - Local Conditions,1,1 HOUR,,2024-01-01,Micrograms/cubic meter (LC),No Events,24,100.0,Y,3.004167,5.3,21,,636,Teledyne T640 at 5.0 LPM w/Network Data Alignment enabled - Broadband spectroscopy,ISU HARRIS PHYSICAL PLANT,MAIN & GREGORY,Illinois,McLean,Normal,14010.0,"Bloomington, IL",2025-03-08,Normal,Normal Town,53304.0
17,113,2003,88101,9,40.518735,-88.996896,WGS84,PM2.5 - Local Conditions,X,24-HR BLK AVG,PM25 24-hour 2006,2024-01-01,Micrograms/cubic meter (LC),No Events,1,100.0,Y,3.0,3.0,0,17.0,636,Teledyne T640 at 5.0 LPM w/Network Data Alignment enabled - Broadband spectroscopy,ISU HARRIS PHYSICAL PLANT,MAIN & GREGORY,Illinois,McLean,Normal,14010.0,"Bloomington, IL",2025-03-08,Normal,Normal Town,53304.0
17,113,2003,88101,9,40.518735,-88.996896,WGS84,PM2.5 - Local Conditions,X,24-HR BLK AVG,PM25 Annual 2006,2024-01-01,Micrograms/cubic meter (LC),No Events,1,100.0,Y,3.0,3.0,0,17.0,636,Teledyne T640 at 5.0 LPM w/Network Data Alignment enabled - Broadband spectroscopy,ISU HARRIS PHYSICAL PLANT,MAIN & GREGORY,Illinois,McLean,Normal,14010.0,"Bloomington, IL",2025-03-08,Normal,Normal Town,53304.0
17,113,2003,88101,9,40.518735,-88.996896,WGS84,PM2.5 - Local Conditions,X,24-HR BLK AVG,PM25 24-hour 2012,2024-01-01,Micrograms/cubic meter (LC),No Events,1,100.0,Y,3.0,3.0,0,17.0,636,Teledyne T640 at 5.0 LPM w/Network Data Alignment enabled - Broadband spectroscopy,ISU HARRIS PHYSICAL PLANT,MAIN & GREGORY,Illinois,McLean,Normal,14010.0,"Bloomington, IL",2025-03-08,Normal,Normal Town,53304.0
17,113,2003,88101,9,40.518735,-88.996896,WGS84,PM2.5 - Local Conditions,X,24-HR BLK AVG,PM25 Annual 2012,2024-01-01,Micrograms/cubic meter (LC),No Events,1,100.0,Y,3.0,3.0,0,17.0,636,Teledyne T640 at 5.0 LPM w/Network Data Alignment enabled - Broadband spectroscopy,ISU HARRIS PHYSICAL PLANT,MAIN & GREGORY,Illinois,McLean,Normal,14010.0,"Bloomington, IL",2025-03-08,Normal,Normal Town,53304.0
17,113,2003,88101,9,40.518735,-88.996896,WGS84,PM2.5 - Local Conditions,X,24-HR BLK AVG,PM25 24-hour 1997,2024-01-01,Micrograms/cubic meter (LC),No Events,1,100.0,Y,3.0,3.0,0,17.0,636,Teledyne T640 at 5.0 LPM w/Network Data Alignment enabled - Broadband spectroscopy,ISU HARRIS PHYSICAL PLANT,MAIN & GREGORY,Illinois,McLean,Normal,14010.0,"Bloomington, IL",2025-03-08,Normal,Normal Town,53304.0
17,113,2003,88101,9,40.518735,-88.996896,WGS84,PM2.5 - Local Conditions,X,24-HR BLK AVG,PM25 Annual 1997,2024-01-01,Micrograms/cubic meter (LC),No Events,1,100.0,Y,3.0,3.0,0,17.0,636,Teledyne T640 at 5.0 LPM w/Network Data Alignment enabled - Broadband spectroscopy,ISU HARRIS PHYSICAL PLANT,MAIN & GREGORY,Illinois,McLean,Normal,14010.0,"Bloomington, IL",2025-03-08,Normal,Normal Town,53304.0
17,113,2003,88101,9,40.518735,-88.996896,WGS84,PM2.5 - Local Conditions,X,24-HR BLK AVG,PM25 24-hour 2024,2024-01-01,Micrograms/cubic meter (LC),No Events,1,100.0,Y,3.0,3.0,0,17.0,636,Teledyne T640 at 5.0 LPM w/Network Data Alignment enabled - Broadband spectroscopy,ISU HARRIS PHYSICAL PLANT,MAIN & GREGORY,Illinois,McLean,Normal,14010.0,"Bloomington, IL",2025-03-08,Normal,Normal Town,53304.0
17,113,2003,88101,9,40.518735,-88.996896,WGS84,PM2.5 - Local Conditions,X,24-HR BLK AVG,PM25 Annual 2024,2024-01-01,Micrograms/cubic meter (LC),No Events,1,100.0,Y,3.0,3.0,0,17.0,636,Teledyne T640 at 5.0 LPM w/Network Data Alignment enabled - Broadband spectroscopy,ISU HARRIS PHYSICAL PLANT,MAIN & GREGORY,Illinois,McLean,Normal,14010.0,"Bloomington, IL",2025-03-08,Normal,Normal Town,53304.0
17,143,37,88101,3,40.697007,-89.584737,WGS84,PM2.5 - Local Conditions,X,24-HR BLK AVG,PM25 Annual 1997,2024-01-01,Micrograms/cubic meter (LC),No Events,1,100.0,Y,3.1,3.1,0,17.0,636,Teledyne T640 at 5.0 LPM w/Network Data Alignment enabled - Broadband spectroscopy,CITY OFFICE BUILDING,613 N.E. JEFFERSON,Illinois,Peoria,Peoria,37900.0,"Peoria, IL",2025-03-08,Peoria,Peoria City,111696.0
17,143,37,88101,3,40.697007,-89.584737,WGS84,PM2.5 - Local Conditions,1,1 HOUR,,2024-01-01,Micrograms/cubic meter (LC),No Events,24,100.0,Y,3.183333,5.4,19,,636,Teledyne T640 at 5.0 LPM w/Network Data Alignment enabled - Broadband spectroscopy,CITY OFFICE BUILDING,613 N.E. JEFFERSON,Illinois,Peoria,Peoria,37900.0,"Peoria, IL",2025-03-08,Peoria,Peoria City,111696.0
17,143,37,88101,3,40.697007,-89.584737,WGS84,PM2.5 - Local Conditions,X,24-HR BLK AVG,PM25 24-hour 2006,2024-01-01,Micrograms/cubic meter (LC),No Events,1,100.0,Y,3.1,3.1,0,17.0,636,Teledyne T640 at 5.0 LPM w/Network Data Alignment enabled - Broadband spectroscopy,CITY OFFICE BUILDING,613 N.E. JEFFERSON,Illinois,Peoria,Peoria,37900.0,"Peoria, IL",2025-03-08,Peoria,Peoria City,111696.0
17,143,37,88101,3,40.697007,-89.584737,WGS84,PM2.5 - Local Conditions,X,24-HR BLK AVG,PM25 Annual 2006,2024-01-01,Micrograms/cubic meter (LC),No Events,1,100.0,Y,3.1,3.1,0,17.0,636,Teledyne T640 at 5.0 LPM w/Network Data Alignment enabled - Broadband spectroscopy,CITY OFFICE BUILDING,613 N.E. JEFFERSON,Illinois,Peoria,Peoria,37900.0,"Peoria, IL",2025-03-08,Peoria,Peoria City,111696.0
17,143,37,88101,3,40.697007,-89.584737,WGS84,PM2.5 - Local Conditions,X,24-HR BLK AVG,PM25 24-hour 2012,2024-01-01,Micrograms/cubic meter (LC),No Events,1,100.0,Y,3.1,3.1,0,17.0,636,Teledyne T640 at 5.0 LPM w/Network Data Alignment enabled - Broadband spectroscopy,CITY OFFICE BUILDING,613 N.E. JEFFERSON,Illinois,Peoria,Peoria,37900.0,"Peoria, IL",2025-03-08,Peoria,Peoria City,111696.0
17,143,37,88101,3,40.697007,-89.584737,WGS84,PM2.5 - Local Conditions,X,24-HR BLK AVG,PM25 Annual 2012,2024-01-01,Micrograms/cubic meter (LC),No Events,1,100.0,Y,3.1,3.1,0,17.0,636,Teledyne T640 at 5.0 LPM w/Network Data Alignment enabled - Broadband spectroscopy,CITY OFFICE BUILDING,613 N.E. JEFFERSON,Illinois,Peoria,Peoria,37900.0,"Peoria, IL",2025-03-08,Peoria,Peoria City,111696.0
17,143,37,88101,3,40.697007,-89.584737,WGS84,PM2.5 - Local Conditions,X,24-HR BLK AVG,PM25 24-hour 1997,2024-01-01,Micrograms/cubic meter (LC),No Events,1,100.0,Y,3.1,3.1,0,17.0,636,Teledyne T640 at 5.0 LPM w/Network Data Alignment enabled - Broadband spectroscopy,CITY OFFICE BUILDING,613 N.E. JEFFERSON,Illinois,Peoria,Peoria,37900.0,"Peoria, IL",2025-03-08,Peoria,Peoria City,111696.0
17,143,37,88101,3,40.697007,-89.584737,WGS84,PM2.5 - Local Conditions,X,24-HR BLK AVG,PM25 24-hour 2024,2024-01-01,Micrograms/cubic meter (LC),No Events,1,100.0,Y,3.1,3.1,0,17.0,636,Teledyne T640 at 5.0 LPM w/Network Data Alignment enabled - Broadband spectroscopy,CITY OFFICE BUILDING,613 N.E. JEFFERSON,Illinois,Peoria,Peoria,37900.0,"Peoria, IL",2025-03-08,Peoria,Peoria City,111696.0
17,143,37,88101,3,40.697007,-89.584737,WGS84,PM2.5 - Local Conditions,X,24-HR BLK AVG,PM25 Annual 2024,2024-01-01,Micrograms/cubic meter (LC),No Events,1,100.0,Y,3.1,3.1,0,17.0,636,Teledyne T640 at 5.0 LPM w/Network Data Alignment enabled - Broadband spectroscopy,CITY OFFICE BUILDING,613 N.E. JEFFERSON,Illinois,Peoria,Peoria,37900.0,"Peoria, IL",2025-03-08,Peoria,Peoria City,111696.0
17,119,120,88101,1,38.901362,-90.146308,NAD83,PM2.5 - Local Conditions,7,24 HOUR,PM25 24-hour 2006,2024-01-01,Micrograms/cubic meter (LC),No Events,1,100.0,Y,3.0,3.0,0,17.0,143,R & P Model 2000 PM-2.5 Air Sampler w/VSCC - Gravimetric,ALTON HORACE MANN ELEMENTARY SCHOOL,2708 EDWARDS STREET,Illinois,Madison,Alton,41180.0,"St. Louis, MO-IL",2024-09-17,Alton,Alton City,24967.0
17,119,120,88101,1,38.901362,-90.146308,NAD83,PM2.5 - Local Conditions,7,24 HOUR,PM25 Annual 2006,2024-01-01,Micrograms/cubic meter (LC),No Events,1,100.0,Y,3.0,3.0,0,17.0,143,R & P Model 2000 PM-2.5 Air Sampler w/VSCC - Gravimetric,ALTON HORACE MANN ELEMENTARY SCHOOL,2708 EDWARDS STREET,Illinois,Madison,Alton,41180.0,"St. Louis, MO-IL",2024-09-17,Alton,Alton City,24967.0
17,119,120,88101,1,38.901362,-90.146308,NAD83,PM2.5 - Local Conditions,7,24 HOUR,PM25 24-hour 2012,2024-01-01,Micrograms/cubic meter (LC),No Events,1,100.0,Y,3.0,3.0,0,17.0,143,R & P Model 2000 PM-2.5 Air Sampler w/VSCC - Gravimetric,ALTON HORACE MANN ELEMENTARY SCHOOL,2708 EDWARDS STREET,Illinois,Madison,Alton,41180.0,"St. Louis, MO-IL",2024-09-17,Alton,Alton City,24967.0
17,119,120,88101,1,38.901362,-90.146308,NAD83,PM2.5 - Local Conditions,7,24 HOUR,PM25 Annual 2012,2024-01-01,Micrograms/cubic meter (LC),No Events,1,100.0,Y,3.0,3.0,0,17.0,143,R & P Model 2000 PM-2.5 Air Sampler w/VSCC - Gravimetric,ALTON HORACE MANN ELEMENTARY SCHOOL,2708 EDWARDS STREET,Illinois,Madison,Alton,41180.0,"St. Louis, MO-IL",2024-09-17,Alton,Alton City,24967.0
17,119,120,88101,1,38.901362,-90.146308,NAD83,PM2.5 - Local Conditions,7,24 HOUR,PM25 24-hour 1997,2024-01-01,Micrograms/cubic meter (LC),No Events,1,100.0,Y,3.0,3.0,0,17.0,143,R & P Model 2000 PM-2.5 Air Sampler w/VSCC - Gravimetric,ALTON HORACE MANN ELEMENTARY SCHOOL,2708 EDWARDS STREET,Illinois,Madison,Alton,41180.0,"St. Louis, MO-IL",2024-09-17,Alton,Alton City,24967.0
17,119,120,88101,1,38.901362,-90.146308,NAD83,PM2.5 - Local Conditions,7,24 HOUR,PM25 Annual 1997,2024-01-01,Micrograms/cubic meter (LC),No Events,1,100.0,Y,3.0,3.0,0,17.0,143,R & P Model 2000 PM-2.5 Air Sampler w/VSCC - Gravimetric,ALTON HORACE MANN ELEMENTARY SCHOOL,2708 EDWARDS STREET,Illinois,Madison,Alton,41180.0,"St. Louis, MO-IL",2024-09-17,Alton,Alton City,24967.0
17,119,120,88101,1,38.901362,-90.146308,NAD83,PM2.5 - Local Conditions,7,24 HOUR,PM25 24-hour 2024,2024-01-01,Micrograms/cubic meter (LC),No Events,1,100.0,Y,3.0,3.0,0,17.0,143,R & P Model 2000 PM-2.5 Air Sampler w/VSCC - Gravimetric,ALTON HORACE MANN ELEMENTARY SCHOOL,2708 EDWARDS STREET,Illinois,Madison,Alton,41180.0,"St. Louis, MO-IL",2024-09-17,Alton,Alton City,24967.0
17,119,120,88101,1,38.901362,-90.146308,NAD83,PM2.5 - Local Conditions,7,24 HOUR,PM25 Annual 2024,2024-01-01,Micrograms/cubic meter (LC),No Events,1,100.0,Y,3.0,3.0,0,17.0,143,R & P Model 2000 PM-2.5 Air Sampler w/VSCC - Gravimetric,ALTON HORACE MANN ELEMENTARY SCHOOL,2708 EDWARDS STREET,Illinois,Madison,Alton,41180.0,"St. Louis, MO-IL",2024-09-17,Alton,Alton City,24967.0
17,19,1001,88101,3,40.05278,-88.37251,WGS84,PM2.5 - Local Conditions,1,1 HOUR,,2024-01-01,Micrograms/cubic meter (LC),No Events,24,100.0,Y,3.241667,6.3,23,,636,Teledyne T640 at 5.0 LPM w/Network Data Alignment enabled - Broadband spectroscopy,ISWS CLIMATE STATION,TWP RD 500 E.,Illinois,Champaign,Bondville,16580.0,"Champaign-Urbana, IL",2025-03-08,Bondville,Bondville Village,382.0
17,19,1001,88101,3,40.05278,-88.37251,WGS84,PM2.5 - Local Conditions,X,24-HR BLK AVG,PM25 24-hour 2006,2024-01-01,Micrograms/cubic meter (LC),No Events,1,100.0,Y,3.2,3.2,0,18.0,636,Teledyne T640 at 5.0 LPM w/Network Data Alignment enabled - Broadband spectroscopy,ISWS CLIMATE STATION,TWP RD 500 E.,Illinois,Champaign,Bondville,16580.0,"Champaign-Urbana, IL",2025-03-08,Bondville,Bondville Village,382.0
17,19,1001,88101,3,40.05278,-88.37251,WGS84,PM2.5 - Local Conditions,X,24-HR BLK AVG,PM25 Annual 2006,2024-01-01,Micrograms/cubic meter (LC),No Events,1,100.0,Y,3.2,3.2,0,18.0,636,Teledyne T640 at 5.0 LPM w/Network Data Alignment enabled - Broadband spectroscopy,ISWS CLIMATE STATION,TWP RD 500 E.,Illinois,Champaign,Bondville,16580.0,"Champaign-Urbana, IL",2025-03-08,Bondville,Bondville Village,382.0
17,19,1001,88101,3,40.05278,-88.37251,WGS84,PM2.5 - Local Conditions,X,24-HR BLK AVG,PM25 24-hour 2012,2024-01-01,Micrograms/cubic meter (LC),No Events,1,100.0,Y,3.2,3.2,0,18.0,636,Teledyne T640 at 5.0 LPM w/Network Data Alignment enabled - Broadband spectroscopy,ISWS CLIMATE STATION,TWP RD 500 E.,Illinois,Champaign,Bondville,16580.0,"Champaign-Urbana, IL",2025-03-08,Bondville,Bondville Village,382.0
17,19,1001,88101,3,40.05278,-88.37251,WGS84,PM2.5 - Local Conditions,X,24-HR BLK AVG,PM25 Annual 2012,2024-01-01,Micrograms/cubic meter (LC),No Events,1,100.0,Y,3.2,3.2,0,18.0,636,Teledyne T640 at 5.0 LPM w/Network Data Alignment enabled - Broadband spectroscopy,ISWS CLIMATE STATION,TWP RD 500 E.,Illinois,Champaign,Bondville,16580.0,"Champaign-Urbana, IL",2025-03-08,Bondville,Bondville Village,382.0
17,19,1001,88101,3,40.05278,-88.37251,WGS84,PM2.5 - Local Conditions,X,24-HR BLK AVG,PM25 24-hour 1997,2024-01-01,Micrograms/cubic meter (LC),No Events,1,100.0,Y,3.2,3.2,0,18.0,636,Teledyne T640 at 5.0 LPM w/Network Data Alignment enabled - Broadband spectroscopy,ISWS CLIMATE STATION,TWP RD 500 E.,Illinois,Champaign,Bondville,16580.0,"Champaign-Urbana, IL",2025-03-08,Bondville,Bondville Village,382.0
17,19,1001,88101,3,40.05278,-88.37251,WGS84,PM2.5 - Local Conditions,X,24-HR BLK AVG,PM25 Annual 1997,2024-01-01,Micrograms/cubic meter (LC),No Events,1,100.0,Y,3.2,3.2,0,18.0,636,Teledyne T640 at 5.0 LPM w/Network Data Alignment enabled - Broadband spectroscopy,ISWS CLIMATE STATION,TWP RD 500 E.,Illinois,Champaign,Bondville,16580.0,"Champaign-Urbana, IL",2025-03-08,Bondville,Bondville Village,382.0
17,19,1001,88101,3,40.05278,-88.37251,WGS84,PM2.5 - Local Conditions,X,24-HR BLK AVG,PM25 24-hour 2024,2024-01-01,Micrograms/cubic meter (LC),No Events,1,100.0,Y,3.2,3.2,0,18.0,636,Teledyne T640 at 5.0 LPM w/Network Data Alignment enabled - Broadband spectroscopy,ISWS CLIMATE STATION,TWP RD 500 E.,Illinois,Champaign,Bondville,16580.0,"Champaign-Urbana, IL",2025-03-08,Bondville,Bondville Village,382.0
17,19,1001,88101,3,40.05278,-88.37251,WGS84,PM2.5 - Local Conditions,X,24-HR BLK AVG,PM25 Annual 2024,2024-01-01,Micrograms/cubic meter (LC),No Events,1,100.0,Y,3.2,3.2,0,18.0,636,Teledyne T640 at 5.0 LPM w/Network Data Alignment enabled - Broadband spectroscopy,ISWS CLIMATE STATION,TWP RD 500 E.,Illinois,Champaign,Bondville,16580.0,"Champaign-Urbana, IL",2025-03-08,Bondville,Bondville Village,382.0
17,31,119,88101,3,41.57862,-87.557406,NAD83,PM2.5 - Local Conditions,1,1 HOUR,,2024-01-01,Micrograms/cubic meter (LC),No Events,24,100.0,Y,4.054167,8.2,23,,636,Teledyne T640 at 5.0 LPM w/Network Data Alignment enabled - Broadband spectroscopy,Kingery Near Road #1,KINGERY EXPRESSWAY & TORRENCE AVENUE,Illinois,Cook,Lansing,16980.0,"Chicago-Naperville-Elgin, IL-IN-WI",2025-03-08,Lansing,Lansing Village,28107.0
17,31,119,88101,3,41.57862,-87.557406,NAD83,PM2.5 - Local Conditions,X,24-HR BLK AVG,PM25 24-hour 2006,2024-01-01,Micrograms/cubic meter (LC),No Events,1,100.0,Y,4.0,4.0,0,22.0,636,Teledyne T640 at 5.0 LPM w/Network Data Alignment enabled - Broadband spectroscopy,Kingery Near Road #1,KINGERY EXPRESSWAY & TORRENCE AVENUE,Illinois,Cook,Lansing,16980.0,"Chicago-Naperville-Elgin, IL-IN-WI",2025-03-08,Lansing,Lansing Village,28107.0
17,31,119,88101,3,41.57862,-87.557406,NAD83,PM2.5 - Local Conditions,X,24-HR BLK AVG,PM25 Annual 2006,2024-01-01,Micrograms/cubic meter (LC),No Events,1,100.0,Y,4.0,4.0,0,22.0,636,Teledyne T640 at 5.0 LPM w/Network Data Alignment enabled - Broadband spectroscopy,Kingery Near Road #1,KINGERY EXPRESSWAY & TORRENCE AVENUE,Illinois,Cook,Lansing,16980.0,"Chicago-Naperville-Elgin, IL-IN-WI",2025-03-08,Lansing,Lansing Village,28107.0
17,31,119,88101,3,41.57862,-87.557406,NAD83,PM2.5 - Local Conditions,X,24-HR BLK AVG,PM25 24-hour 2012,2024-01-01,Micrograms/cubic meter (LC),No Events,1,100.0,Y,4.0,4.0,0,22.0,636,Teledyne T640 at 5.0 LPM w/Network Data Alignment enabled - Broadband spectroscopy,Kingery Near Road #1,KINGERY EXPRESSWAY & TORRENCE AVENUE,Illinois,Cook,Lansing,16980.0,"Chicago-Naperville-Elgin, IL-IN-WI",2025-03-08,Lansing,Lansing Village,28107.0
17,31,119,88101,3,41.57862,-87.557406,NAD83,PM2.5 - Local Conditions,X,24-HR BLK AVG,PM25 Annual 2012,2024-01-01,Micrograms/cubic meter (LC),No Events,1,100.0,Y,4.0,4.0,0,22.0,636,Teledyne T640 at 5.0 LPM w/Network Data Alignment enabled - Broadband spectroscopy,Kingery Near Road #1,KINGERY EXPRESSWAY & TORRENCE AVENUE,Illinois,Cook,Lansing,16980.0,"Chicago-Naperville-Elgin, IL-IN-WI",2025-03-08,Lansing,Lansing Village,28107.0
17,31,119,88101,3,41.57862,-87.557406,NAD83,PM2.5 - Local Conditions,X,24-HR BLK AVG,PM25 24-hour 1997,2024-01-01,Micrograms/cubic meter (LC),No Events,1,100.0,Y,4.0,4.0,0,22.0,636,Teledyne T640 at 5.0 LPM w/Network Data Alignment enabled - Broadband spectroscopy,Kingery Near Road #1,KINGERY EXPRESSWAY & TORRENCE AVENUE,Illinois,Cook,Lansing,16980.0,"Chicago-Naperville-Elgin, IL-IN-WI",2025-03-08,Lansing,Lansing Village,28107.0
17,31,119,88101,3,41.57862,-87.557406,NAD83,PM2.5 - Local Conditions,X,24-HR BLK AVG,PM25 Annual 1997,2024-01-01,Micrograms/cubic meter (LC),No Events,1,100.0,Y,4.0,4.0,0,22.0,636,Teledyne T640 at 5.0 LPM w/Network Data Alignment enabled - Broadband spectroscopy,Kingery Near Road #1,KINGERY EXPRESSWAY & TORRENCE AVENUE,Illinois,Cook,Lansing,16980.0,"Chicago-Naperville-Elgin, IL-IN-WI",2025-03-08,Lansing,Lansing Village,28107.0
17,31,119,88101,3,41.57862,-87.557406,NAD83,PM2.5 - Local Conditions,X,24-HR BLK AVG,PM25 24-hour 2024,2024-01-01,Micrograms/cubic meter (LC),No Events,1,100.0,Y,4.0,4.0,0,22.0,636,Teledyne T640 at 5.0 LPM w/Network Data Alignment enabled - Broadband spectroscopy,Kingery Near Road #1,KINGERY EXPRESSWAY & TORRENCE AVENUE,Illinois,Cook,Lansing,16980.0,"Chicago-Naperville-Elgin, IL-IN-WI",2025-03-08,Lansing,Lansing Village,28107.0
17,31,119,88101,3,41.57862,-87.557406,NAD83,PM2.5 - Local Conditions,X,24-HR BLK AVG,PM25 Annual 2024,2024-01-01,Micrograms/cubic meter (LC),No Events,1,100.0,Y,4.0,4.0,0,22.0,636,Teledyne T640 at 5.0 LPM w/Network Data Alignment enabled - Broadband spectroscopy,Kingery Near Road #1,KINGERY EXPRESSWAY & TORRENCE AVENUE,Illinois,Cook,Lansing,16980.0,"Chicago-Naperville-Elgin, IL-IN-WI",2025-03-08,Lansing,Lansing Village,28107.0
17,31,3103,88101,3,41.965193,-87.876265,WGS84,PM2.5 - Local Conditions,1,1 HOUR,,2024-01-01,Micrograms/cubic meter (LC),No Events,24,100.0,Y,4.020833,9.1,23,,636,Teledyne T640 at 5.0 LPM w/Network Data Alignment enabled - Broadband spectroscopy,IEPA TRAILER,4743 MANNHEIM RD.,Illinois,Cook,Schiller Park,16980.0,"Chicago-Naperville-Elgin, IL-IN-WI",2025-03-08,Schiller Park,Schiller Park Village,11325.0
17,31,3103,88101,3,41.965193,-87.876265,WGS84,PM2.5 - Local Conditions,X,24-HR BLK AVG,PM25 24-hour 2006,2024-01-01,Micrograms/cubic meter (LC),No Events,1,100.0,Y,4.0,4.0,0,22.0,636,Teledyne T640 at 5.0 LPM w/Network Data Alignment enabled - Broadband spectroscopy,IEPA TRAILER,4743 MANNHEIM RD.,Illinois,Cook,Schiller Park,16980.0,"Chicago-Naperville-Elgin, IL-IN-WI",2025-03-08,Schiller Park,Schiller Park Village,11325.0
17,31,3103,88101,3,41.965193,-87.876265,WGS84,PM2.5 - Local Conditions,X,24-HR BLK AVG,PM25 Annual 2006,2024-01-01,Micrograms/cubic meter (LC),No Events,1,100.0,Y,4.0,4.0,0,22.0,636,Teledyne T640 at 5.0 LPM w/Network Data Alignment enabled - Broadband spectroscopy,IEPA TRAILER,4743 MANNHEIM RD.,Illinois,Cook,Schiller Park,16980.0,"Chicago-Naperville-Elgin, IL-IN-WI",2025-03-08,Schiller Park,Schiller Park Village,11325.0
17,31,3103,88101,3,41.965193,-87.876265,WGS84,PM2.5 - Local Conditions,X,24-HR BLK AVG,PM25 24-hour 2012,2024-01-01,Micrograms/cubic meter (LC),No Events,1,100.0,Y,4.0,4.0,0,22.0,636,Teledyne T640 at 5.0 LPM w/Network Data Alignment enabled - Broadband spectroscopy,IEPA TRAILER,4743 MANNHEIM RD.,Illinois,Cook,Schiller Park,16980.0,"Chicago-Naperville-Elgin, IL-IN-WI",2025-03-08,Schiller Park,Schiller Park Village,11325.0
17,31,3103,88101,3,41.965193,-87.876265,WGS84,PM2.5 - Local Conditions,X,24-HR BLK AVG,PM25 Annual 2012,2024-01-01,Micrograms/cubic meter (LC),No Events,1,100.0,Y,4.0,4.0,0,22.0,636,Teledyne T640 at 5.0 LPM w/Network Data Alignment enabled - Broadband spectroscopy,IEPA TRAILER,4743 MANNHEIM RD.,Illinois,Cook,Schiller Park,16980.0,"Chicago-Naperville-Elgin, IL-IN-WI",2025-03-08,Schiller Park,Schiller Park Village,11325.0
17,31,3103,88101,3,41.965193,-87.876265,WGS84,PM2.5 - Local Conditions,X,24-HR BLK AVG,PM25 24-hour 1997,2024-01-01,Micrograms/cubic meter (LC),No Events,1,100.0,Y,4.0,4.0,0,22.0,636,Teledyne T640 at 5.0 LPM w/Network Data Alignment enabled - Broadband spectroscopy,IEPA TRAILER,4743 MANNHEIM RD.,Illinois,Cook,Schiller Park,16980.0,"Chicago-Naperville-Elgin, IL-IN-WI",2025-03-08,Schiller Park,Schiller Park Village,11325.0
17,31,3103,88101,3,41.965193,-87.876265,WGS84,PM2.5 - Local Conditions,X,24-HR BLK AVG,PM25 Annual 1997,2024-01-01,Micrograms/cubic meter (LC),No Events,1,100.0,Y,4.0,4.0,0,22.0,636,Teledyne T640 at 5.0 LPM w/Network Data Alignment enabled - Broadband spectroscopy,IEPA TRAILER,4743 MANNHEIM RD.,Illinois,Cook,Schiller Park,16980.0,"Chicago-Naperville-Elgin, IL-IN-WI",2025-03-08,Schiller Park,Schiller Park Village,11325.0
17,31,3103,88101,3,41.965193,-87.876265,WGS84,PM2.5 - Local Conditions,X,24-HR BLK AVG,PM25 24-hour 2024,2024-01-01,Micrograms/cubic meter (LC),No Events,1,100.0,Y,4.0,4.0,0,22.0,636,Teledyne T640 at 5.0 LPM w/Network Data Alignment enabled - Broadband spectroscopy,IEPA TRAILER,4743 MANNHEIM RD.,Illinois,Cook,Schiller Park,16980.0,"Chicago-Naperville-Elgin, IL-IN-WI",2025-03-08,Schiller Park,Schiller Park Village,11325.0
17,31,3103,88101,3,41.965193,-87.876265,WGS84,PM2.5 - Local Conditions,X,24-HR BLK AVG,PM25 Annual 2024,2024-01-01,Micrograms/cubic meter (LC),No Events,1,100.0,Y,4.0,4.0,0,22.0,636,Teledyne T640 at 5.0 LPM w/Network Data Alignment enabled - Broadband spectroscopy,IEPA TRAILER,4743 MANNHEIM RD.,Illinois,Cook,Schiller Park,16980.0,"Chicago-Naperville-Elgin, IL-IN-WI",2025-03-08,Schiller Park,Schiller Park Village,11325.0
17,31,4007,88101,3,42.060285,-87.863225,WGS84,PM2.5 - Local Conditions,1,1 HOUR,,2024-01-01,Micrograms/cubic meter (LC),No Events,24,100.0,Y,3.291667,8.0,23,,636,Teledyne T640 at 5.0 LPM w/Network Data Alignment enabled - Broadband spectroscopy,REGIONAL OFFICE BUILDING,9511 W. HARRISON ST,Illinois,Cook,Des Plaines,16980.0,"Chicago-Naperville-Elgin, IL-IN-WI",2025-03-08,Des Plaines,Des Plaines City,58832.0
17,31,4007,88101,3,42.060285,-87.863225,WGS84,PM2.5 - Local Conditions,X,24-HR BLK AVG,PM25 24-hour 2006,2024-01-01,Micrograms/cubic meter (LC),No Events,1,100.0,Y,3.2,3.2,0,18.0,636,Teledyne T640 at 5.0 LPM w/Network Data Alignment enabled - Broadband spectroscopy,REGIONAL OFFICE BUILDING,9511 W. HARRISON ST,Illinois,Cook,Des Plaines,16980.0,"Chicago-Naperville-Elgin, IL-IN-WI",2025-03-08,Des Plaines,Des Plaines City,58832.0
17,31,4007,88101,3,42.060285,-87.863225,WGS84,PM2.5 - Local Conditions,X,24-HR BLK AVG,PM25 Annual 2006,2024-01-01,Micrograms/cubic meter (LC),No Events,1,100.0,Y,3.2,3.2,0,18.0,636,Teledyne T640 at 5.0 LPM w/Network Data Alignment enabled - Broadband spectroscopy,REGIONAL OFFICE BUILDING,9511 W. HARRISON ST,Illinois,Cook,Des Plaines,16980.0,"Chicago-Naperville-Elgin, IL-IN-WI",2025-03-08,Des Plaines,Des Plaines City,58832.0
17,31,4007,88101,3,42.060285,-87.863225,WGS84,PM2.5 - Local Conditions,X,24-HR BLK AVG,PM25 24-hour 2012,2024-01-01,Micrograms/cubic meter (LC),No Events,1,100.0,Y,3.2,3.2,0,18.0,636,Teledyne T640 at 5.0 LPM w/Network Data Alignment enabled - Broadband spectroscopy,REGIONAL OFFICE BUILDING,9511 W. HARRISON ST,Illinois,Cook,Des Plaines,16980.0,"Chicago-Naperville-Elgin, IL-IN-WI",2025-03-08,Des Plaines,Des Plaines City,58832.0
17,31,4007,88101,3,42.060285,-87.863225,WGS84,PM2.5 - Local Conditions,X,24-HR BLK AVG,PM25 Annual 2012,2024-01-01,Micrograms/cubic meter (LC),No Events,1,100.0,Y,3.2,3.2,0,18.0,636,Teledyne T640 at 5.0 LPM w/Network Data Alignment enabled - Broadband spectroscopy,REGIONAL OFFICE BUILDING,9511 W. HARRISON ST,Illinois,Cook,Des Plaines,16980.0,"Chicago-Naperville-Elgin, IL-IN-WI",2025-03-08,Des Plaines,Des Plaines City,58832.0
17,31,4007,88101,3,42.060285,-87.863225,WGS84,PM2.5 - Local Conditions,X,24-HR BLK AVG,PM25 24-hour 1997,2024-01-01,Micrograms/cubic meter (LC),No Events,1,100.0,Y,3.2,3.2,0,18.0,636,Teledyne T640 at 5.0 LPM w/Network Data Alignment enabled - Broadband spectroscopy,REGIONAL OFFICE BUILDING,9511 W. HARRISON ST,Illinois,Cook,Des Plaines,16980.0,"Chicago-Naperville-Elgin, IL-IN-WI",2025-03-08,Des Plaines,Des Plaines City,58832.0
17,31,4007,88101,3,42.060285,-87.863225,WGS84,PM2.5 - Local Conditions,X,24-HR BLK AVG,PM25 Annual 1997,2024-01-01,Micrograms/cubic meter (LC),No Events,1,100.0,Y,3.2,3.2,0,18.0,636,Teledyne T640 at 5.0 LPM w/Network Data Alignment enabled - Broadband spectroscopy,REGIONAL OFFICE BUILDING,9511 W. HARRISON ST,Illinois,Cook,Des Plaines,16980.0,"Chicago-Naperville-Elgin, IL-IN-WI",2025-03-08,Des Plaines,Des Plaines City,58832.0
17,31,4007,88101,3,42.060285,-87.863225,WGS84,PM2.5 - Local Conditions,X,24-HR BLK AVG,PM25 24-hour 2024,2024-01-01,Micrograms/cubic meter (LC),No Events,1,100.0,Y,3.2,3.2,0,18.0,636,Teledyne T640 at 5.0 LPM w/Network Data Alignment enabled - Broadband spectroscopy,REGIONAL OFFICE BUILDING,9511 W. HARRISON ST,Illinois,Cook,Des Plaines,16980.0,"Chicago-Naperville-Elgin, IL-IN-WI",2025-03-08,Des Plaines,Des Plaines City,58832.0
17,31,4007,88101,3,42.060285,-87.863225,WGS84,PM2.5 - Local Conditions,X,24-HR BLK AVG,PM25 Annual 2024,2024-01-01,Micrograms/cubic meter (LC),No Events,1,100.0,Y,3.2,3.2,0,18.0,636,Teledyne T640 at 5.0 LPM w/Network Data Alignment enabled - Broadband spectroscopy,REGIONAL OFFICE BUILDING,9511 W. HARRISON ST,Illinois,Cook,Des Plaines,16980.0,"Chicago-Naperville-Elgin, IL-IN-WI",2025-03-08,Des Plaines,Des Plaines City,58832.0
17,31,4201,88101,3,42.139996,-87.799227,WGS84,PM2.5 - Local Conditions,1,1 HOUR,,2024-01-01,Micrograms/cubic meter (LC),No Events,24,100.0,Y,3.3,7.5,23,,638,Teledyne T640X at 16.67 LPM w/Network Data Alignment enabled - Broadband spectroscopy,NORTHBROOK WATER PLANT,750 DUNDEE ROAD,Illinois,Cook,Northbrook,16980.0,"Chicago-Naperville-Elgin, IL-IN-WI",2025-02-13,Northbrook,Northbrook Village,34546.0
17,31,4201,88101,3,42.139996,-87.799227,WGS84,PM2.5 - Local Conditions,X,24-HR BLK AVG,PM25 24-hour 2006,2024-01-01,Micrograms/cubic meter (LC),No Events,1,100.0,Y,3.3,3.3,0,18.0,638,Teledyne T640X at 16.67 LPM w/Network Data Alignment enabled - Broadband spectroscopy,NORTHBROOK WATER PLANT,750 DUNDEE ROAD,Illinois,Cook,Northbrook,16980.0,"Chicago-Naperville-Elgin, IL-IN-WI",2025-02-13,Northbrook,Northbrook Village,34546.0
17,31,4201,88101,3,42.139996,-87.799227,WGS84,PM2.5 - Local Conditions,X,24-HR BLK AVG,PM25 Annual 2006,2024-01-01,Micrograms/cubic meter (LC),No Events,1,100.0,Y,3.3,3.3,0,18.0,638,Teledyne T640X at 16.67 LPM w/Network Data Alignment enabled - Broadband spectroscopy,NORTHBROOK WATER PLANT,750 DUNDEE ROAD,Illinois,Cook,Northbrook,16980.0,"Chicago-Naperville-Elgin, IL-IN-WI",2025-02-13,Northbrook,Northbrook Village,34546.0
17,31,4201,88101,3,42.139996,-87.799227,WGS84,PM2.5 - Local Conditions,X,24-HR BLK AVG,PM25 24-hour 2012,2024-01-01,Micrograms/cubic meter (LC),No Events,1,100.0,Y,3.3,3.3,0,18.0,638,Teledyne T640X at 16.67 LPM w/Network Data Alignment enabled - Broadband spectroscopy,NORTHBROOK WATER PLANT,750 DUNDEE ROAD,Illinois,Cook,Northbrook,16980.0,"Chicago-Naperville-Elgin, IL-IN-WI",2025-02-13,Northbrook,Northbrook Village,34546.0
17,31,4201,88101,3,42.139996,-87.799227,WGS84,PM2.5 - Local Conditions,X,24-HR BLK AVG,PM25 Annual 2012,2024-01-01,Micrograms/cubic meter (LC),No Events,1,100.0,Y,3.3,3.3,0,18.0,638,Teledyne T640X at 16.67 LPM w/Network Data Alignment enabled - Broadband spectroscopy,NORTHBROOK WATER PLANT,750 DUNDEE ROAD,Illinois,Cook,Northbrook,16980.0,"Chicago-Naperville-Elgin, IL-IN-WI",2025-02-13,Northbrook,Northbrook Village,34546.0
17,31,4201,88101,3,42.139996,-87.799227,WGS84,PM2.5 - Local Conditions,X,24-HR BLK AVG,PM25 24-hour 1997,2024-01-01,Micrograms/cubic meter (LC),No Events,1,100.0,Y,3.3,3.3,0,18.0,638,Teledyne T640X at 16.67 LPM w/Network Data Alignment enabled - Broadband spectroscopy,NORTHBROOK WATER PLANT,750 DUNDEE ROAD,Illinois,Cook,Northbrook,16980.0,"Chicago-Naperville-Elgin, IL-IN-WI",2025-02-13,Northbrook,Northbrook Village,34546.0
17,31,4201,88101,3,42.139996,-87.799227,WGS84,PM2.5 - Local Conditions,X,24-HR BLK AVG,PM25 Annual 1997,2024-01-01,Micrograms/cubic meter (LC),No Events,1,100.0,Y,3.3,3.3,0,18.0,638,Teledyne T640X at 16.67 LPM w/Network Data Alignment enabled - Broadband spectroscopy,NORTHBROOK WATER PLANT,750 DUNDEE ROAD,Illinois,Cook,Northbrook,16980.0,"Chicago-Naperville-Elgin, IL-IN-WI",2025-02-13,Northbrook,Northbrook Village,34546.0
17,31,4201,88101,3,42.139996,-87.799227,WGS84,PM2.5 - Local Conditions,X,24-HR BLK AVG,PM25 24-hour 2024,2024-01-01,Micrograms/cubic meter (LC),No Events,1,100.0,Y,3.3,3.3,0,18.0,638,Teledyne T640X at 16.67 LPM w/Network Data Alignment enabled - Broadband spectroscopy,NORTHBROOK WATER PLANT,750 DUNDEE ROAD,Illinois,Cook,Northbrook,16980.0,"Chicago-Naperville-Elgin, IL-IN-WI",2025-02-13,Northbrook,Northbrook Village,34546.0
17,31,4201,88101,3,42.139996,-87.799227,WGS84,PM2.5 - Local Conditions,X,24-HR BLK AVG,PM25 Annual 2024,2024-01-01,Micrograms/cubic meter (LC),No Events,1,100.0,Y,3.3,3.3,0,18.0,638,Teledyne T640X at 16.67 LPM w/Network Data Alignment enabled - Broadband spectroscopy,NORTHBROOK WATER PLANT,750 DUNDEE ROAD,Illinois,Cook,Northbrook,16980.0,"Chicago-Naperville-Elgin, IL-IN-WI",2025-02-13,Northbrook,Northbrook Village,34546.0
17,111,1,88101,3,42.221442,-88.242207,WGS84,PM2.5 - Local Conditions,1,1 HOUR,,2024-01-01,Micrograms/cubic meter (LC),No Events,24,100.0,Y,3.141667,8.1,22,,636,Teledyne T640 at 5.0 LPM w/Network Data Alignment enabled - Broadband spectroscopy,CARY GROVE HS,FIRST ST. & THREE OAKS RD.,Illinois,McHenry,Cary,16980.0,"Chicago-Naperville-Elgin, IL-IN-WI",2025-03-08,Cary,Cary Village,18031.0
17,111,1,88101,3,42.221442,-88.242207,WGS84,PM2.5 - Local Conditions,X,24-HR BLK AVG,PM25 24-hour 2006,2024-01-01,Micrograms/cubic meter (LC),No Events,1,100.0,Y,3.1,3.1,0,17.0,636,Teledyne T640 at 5.0 LPM w/Network Data Alignment enabled - Broadband spectroscopy,CARY GROVE HS,FIRST ST. & THREE OAKS RD.,Illinois,McHenry,Cary,16980.0,"Chicago-Naperville-Elgin, IL-IN-WI",2025-03-08,Cary,Cary Village,18031.0
17,111,1,88101,3,42.221442,-88.242207,WGS84,PM2.5 - Local Conditions,X,24-HR BLK AVG,PM25 Annual 2006,2024-01-01,Micrograms/cubic meter (LC),No Events,1,100.0,Y,3.1,3.1,0,17.0,636,Teledyne T640 at 5.0 LPM w/Network Data Alignment enabled - Broadband spectroscopy,CARY GROVE HS,FIRST ST. & THREE OAKS RD.,Illinois,McHenry,Cary,16980.0,"Chicago-Naperville-Elgin, IL-IN-WI",2025-03-08,Cary,Cary Village,18031.0
17,111,1,88101,3,42.221442,-88.242207,WGS84,PM2.5 - Local Conditions,X,24-HR BLK AVG,PM25 24-hour 2012,2024-01-01,Micrograms/cubic meter (LC),No Events,1,100.0,Y,3.1,3.1,0,17.0,636,Teledyne T640 at 5.0 LPM w/Network Data Alignment enabled - Broadband spectroscopy,CARY GROVE HS,FIRST ST. & THREE OAKS RD.,Illinois,McHenry,Cary,16980.0,"Chicago-Naperville-Elgin, IL-IN-WI",2025-03-08,Cary,Cary Village,18031.0
17,111,1,88101,3,42.221442,-88.242207,WGS84,PM2.5 - Local Conditions,X,24-HR BLK AVG,PM25 Annual 2012,2024-01-01,Micrograms/cubic meter (LC),No Events,1,100.0,Y,3.1,3.1,0,17.0,636,Teledyne T640 at 5.0 LPM w/Network Data Alignment enabled - Broadband spectroscopy,CARY GROVE HS,FIRST ST. & THREE OAKS RD.,Illinois,McHenry,Cary,16980.0,"Chicago-Naperville-Elgin, IL-IN-WI",2025-03-08,Cary,Cary Village,18031.0
17,111,1,88101,3,42.221442,-88.242207,WGS84,PM2.5 - Local Conditions,X,24-HR BLK AVG,PM25 24-hour 1997,2024-01-01,Micrograms/cubic meter (LC),No Events,1,100.0,Y,3.1,3.1,0,17.0,636,Teledyne T640 at 5.0 LPM w/Network Data Alignment enabled - Broadband spectroscopy,CARY GROVE HS,FIRST ST. & THREE OAKS RD.,Illinois,McHenry,Cary,16980.0,"Chicago-Naperville-Elgin, IL-IN-WI",2025-03-08,Cary,Cary Village,18031.0
17,111,1,88101,3,42.221442,-88.242207,WGS84,PM2.5 - Local Conditions,X,24-HR BLK AVG,PM25 Annual 1997,2024-01-01,Micrograms/cubic meter (LC),No Events,1,100.0,Y,3.1,3.1,0,17.0,636,Teledyne T640 at 5.0 LPM w/Network Data Alignment enabled - Broadband spectroscopy,CARY GROVE HS,FIRST ST. & THREE OAKS RD.,Illinois,McHenry,Cary,16980.0,"Chicago-Naperville-Elgin, IL-IN-WI",2025-03-08,Cary,Cary Village,18031.0
17,111,1,88101,3,42.221442,-88.242207,WGS84,PM2.5 - Local Conditions,X,24-HR BLK AVG,PM25 24-hour 2024,2024-01-01,Micrograms/cubic meter (LC),No Events,1,100.0,Y,3.1,3.1,0,17.0,636,Teledyne T640 at 5.0 LPM w/Network Data Alignment enabled - Broadband spectroscopy,CARY GROVE HS,FIRST ST. & THREE OAKS RD.,Illinois,McHenry,Cary,16980.0,"Chicago-Naperville-Elgin, IL-IN-WI",2025-03-08,Cary,Cary Village,18031.0
17,111,1,88101,3,42.221442,-88.242207,WGS84,PM2.5 - Local Conditions,X,24-HR BLK AVG,PM25 Annual 2024,2024-01-01,Micrograms/cubic meter (LC),No Events,1,100.0,Y,3.1,3.1,0,17.0,636,Teledyne T640 at 5.0 LPM w/Network Data Alignment enabled - Broadband spectroscopy,CARY GROVE HS,FIRST ST. & THREE OAKS RD.,Illinois,McHenry,Cary,16980.0,"Chicago-Naperville-Elgin, IL-IN-WI",2025-03-08,Cary,Cary Village,18031.0
17,115,13,88101,3,39.866834,-88.925594,WGS84,PM2.5 - Local Conditions,X,24-HR BLK AVG,PM25 Annual 2024,2024-01-01,Micrograms/cubic meter (LC),No Events,1,100.0,Y,2.9,2.9,0,16.0,636,Teledyne T640 at 5.0 LPM w/Network Data Alignment enabled - Broadband spectroscopy,IEPA TRAILER,2200 N. 22ND,Illinois,Macon,Decatur,19500.0,"Decatur, IL",2025-03-08,Decatur,Decatur City,68763.0
17,115,13,88101,3,39.866834,-88.925594,WGS84,PM2.5 - Local Conditions,1,1 HOUR,,2024-01-01,Micrograms/cubic meter (LC),No Events,24,100.0,Y,2.916667,4.5,22,,636,Teledyne T640 at 5.0 LPM w/Network Data Alignment enabled - Broadband spectroscopy,IEPA TRAILER,2200 N. 22ND,Illinois,Macon,Decatur,19500.0,"Decatur, IL",2025-03-08,Decatur,Decatur City,68763.0
17,115,13,88101,3,39.866834,-88.925594,WGS84,PM2.5 - Local Conditions,X,24-HR BLK AVG,PM25 24-hour 2006,2024-01-01,Micrograms/cubic meter (LC),No Events,1,100.0,Y,2.9,2.9,0,16.0,636,Teledyne T640 at 5.0 LPM w/Network Data Alignment enabled - Broadband spectroscopy,IEPA TRAILER,2200 N. 22ND,Illinois,Macon,Decatur,19500.0,"Decatur, IL",2025-03-08,Decatur,Decatur City,68763.0
17,115,13,88101,3,39.866834,-88.925594,WGS84,PM2.5 - Local Conditions,X,24-HR BLK AVG,PM25 Annual 2006,2024-01-01,Micrograms/cubic meter (LC),No Events,1,100.0,Y,2.9,2.9,0,16.0,636,Teledyne T640 at 5.0 LPM w/Network Data Alignment enabled - Broadband spectroscopy,IEPA TRAILER,2200 N. 22ND,Illinois,Macon,Decatur,19500.0,"Decatur, IL",2025-03-08,Decatur,Decatur City,68763.0
17,115,13,88101,3,39.866834,-88.925594,WGS84,PM2.5 - Local Conditions,X,24-HR BLK AVG,PM25 24-hour 2012,2024-01-01,Micrograms/cubic meter (LC),No Events,1,100.0,Y,2.9,2.9,0,16.0,636,Teledyne T640 at 5.0 LPM w/Network Data Alignment enabled - Broadband spectroscopy,IEPA TRAILER,2200 N. 22ND,Illinois,Macon,Decatur,19500.0,"Decatur, IL",2025-03-08,Decatur,Decatur City,68763.0
17,115,13,88101,3,39.866834,-88.925594,WGS84,PM2.5 - Local Conditions,X,24-HR BLK AVG,PM25 Annual 2012,2024-01-01,Micrograms/cubic meter (LC),No Events,1,100.0,Y,2.9,2.9,0,16.0,636,Teledyne T640 at 5.0 LPM w/Network Data Alignment enabled - Broadband spectroscopy,IEPA TRAILER,2200 N. 22ND,Illinois,Macon,Decatur,19500.0,"Decatur, IL",2025-03-08,Decatur,Decatur City,68763.0
17,115,13,88101,3,39.866834,-88.925594,WGS84,PM2.5 - Local Conditions,X,24-HR BLK AVG,PM25 24-hour 1997,2024-01-01,Micrograms/cubic meter (LC),No Events,1,100.0,Y,2.9,2.9,0,16.0,636,Teledyne T640 at 5.0 LPM w/Network Data Alignment enabled - Broadband spectroscopy,IEPA TRAILER,2200 N. 22ND,Illinois,Macon,Decatur,19500.0,"Decatur, IL",2025-03-08,Decatur,Decatur City,68763.0
17,115,13,88101,3,39.866834,-88.925594,WGS84,PM2.5 - Local Conditions,X,24-HR BLK AVG,PM25 Annual 1997,2024-01-01,Micrograms/cubic meter (LC),No Events,1,100.0,Y,2.9,2.9,0,16.0,636,Teledyne T640 at 5.0 LPM w/Network Data Alignment enabled - Broadband spectroscopy,IEPA TRAILER,2200 N. 22ND,Illinois,Macon,Decatur,19500.0,"Decatur, IL",2025-03-08,Decatur,Decatur City,68763.0
17,115,13,88101,3,39.866834,-88.925594,WGS84,PM2.5 - Local Conditions,X,24-HR BLK AVG,PM25 24-hour 2024,2024-01-01,Micrograms/cubic meter (LC),No Events,1,100.0,Y,2.9,2.9,0,16.0,636,Teledyne T640 at 5.0 LPM w/Network Data Alignment enabled - Broadband spectroscopy,IEPA TRAILER,2200 N. 22ND,Illinois,Macon,Decatur,19500.0,"Decatur, IL",2025-03-08,Decatur,Decatur City,68763.0
17,197,1002,88101,3,41.526885,-88.116474,WGS84,PM2.5 - Local Conditions,1,1 HOUR,,2024-01-01,Micrograms/cubic meter (LC),No Events,24,100.0,Y,3.375,8.5,22,,636,Teledyne T640 at 5.0 LPM w/Network Data Alignment enabled - Broadband spectroscopy,PERSHING SCHOOL,MIDLAND & CAMPBELL STS,Illinois,Will,Joliet,16980.0,"Chicago-Naperville-Elgin, IL-IN-WI",2025-03-08,Joliet,Joliet City,151837.0
17,197,1002,88101,3,41.526885,-88.116474,WGS84,PM2.5 - Local Conditions,X,24-HR BLK AVG,PM25 24-hour 2006,2024-01-01,Micrograms/cubic meter (LC),No Events,1,100.0,Y,3.3,3.3,0,18.0,636,Teledyne T640 at 5.0 LPM w/Network Data Alignment enabled - Broadband spectroscopy,PERSHING SCHOOL,MIDLAND & CAMPBELL STS,Illinois,Will,Joliet,16980.0,"Chicago-Naperville-Elgin, IL-IN-WI",2025-03-08,Joliet,Joliet City,151837.0
17,197,1002,88101,3,41.526885,-88.116474,WGS84,PM2.5 - Local Conditions,X,24-HR BLK AVG,PM25 Annual 2006,2024-01-01,Micrograms/cubic meter (LC),No Events,1,100.0,Y,3.3,3.3,0,18.0,636,Teledyne T640 at 5.0 LPM w/Network Data Alignment enabled - Broadband spectroscopy,PERSHING SCHOOL,MIDLAND & CAMPBELL STS,Illinois,Will,Joliet,16980.0,"Chicago-Naperville-Elgin, IL-IN-WI",2025-03-08,Joliet,Joliet City,151837.0
17,197,1002,88101,3,41.526885,-88.116474,WGS84,PM2.5 - Local Conditions,X,24-HR BLK AVG,PM25 24-hour 2012,2024-01-01,Micrograms/cubic meter (LC),No Events,1,100.0,Y,3.3,3.3,0,18.0,636,Teledyne T640 at 5.0 LPM w/Network Data Alignment enabled - Broadband spectroscopy,PERSHING SCHOOL,MIDLAND & CAMPBELL STS,Illinois,Will,Joliet,16980.0,"Chicago-Naperville-Elgin, IL-IN-WI",2025-03-08,Joliet,Joliet City,151837.0
17,197,1002,88101,3,41.526885,-88.116474,WGS84,PM2.5 - Local Conditions,X,24-HR BLK AVG,PM25 Annual 2012,2024-01-01,Micrograms/cubic meter (LC),No Events,1,100.0,Y,3.3,3.3,0,18.0,636,Teledyne T640 at 5.0 LPM w/Network Data Alignment enabled - Broadband spectroscopy,PERSHING SCHOOL,MIDLAND & CAMPBELL STS,Illinois,Will,Joliet,16980.0,"Chicago-Naperville-Elgin, IL-IN-WI",2025-03-08,Joliet,Joliet City,151837.0
17,197,1002,88101,3,41.526885,-88.116474,WGS84,PM2.5 - Local Conditions,X,24-HR BLK AVG,PM25 24-hour 1997,2024-01-01,Micrograms/cubic meter (LC),No Events,1,100.0,Y,3.3,3.3,0,18.0,636,Teledyne T640 at 5.0 LPM w/Network Data Alignment enabled - Broadband spectroscopy,PERSHING SCHOOL,MIDLAND & CAMPBELL STS,Illinois,Will,Joliet,16980.0,"Chicago-Naperville-Elgin, IL-IN-WI",2025-03-08,Joliet,Joliet City,151837.0
17,197,1002,88101,3,41.526885,-88.116474,WGS84,PM2.5 - Local Conditions,X,24-HR BLK AVG,PM25 Annual 1997,2024-01-01,Micrograms/cubic meter (LC),No Events,1,100.0,Y,3.3,3.3,0,18.0,636,Teledyne T640 at 5.0 LPM w/Network Data Alignment enabled - Broadband spectroscopy,PERSHING SCHOOL,MIDLAND & CAMPBELL STS,Illinois,Will,Joliet,16980.0,"Chicago-Naperville-Elgin, IL-IN-WI",2025-03-08,Joliet,Joliet City,151837.0
17,197,1002,88101,3,41.526885,-88.116474,WGS84,PM2.5 - Local Conditions,X,24-HR BLK AVG,PM25 24-hour 2024,2024-01-01,Micrograms/cubic meter (LC),No Events,1,100.0,Y,3.3,3.3,0,18.0,636,Teledyne T640 at 5.0 LPM w/Network Data Alignment enabled - Broadband spectroscopy,PERSHING SCHOOL,MIDLAND & CAMPBELL STS,Illinois,Will,Joliet,16980.0,"Chicago-Naperville-Elgin, IL-IN-WI",2025-03-08,Joliet,Joliet City,151837.0
17,197,1002,88101,3,41.526885,-88.116474,WGS84,PM2.5 - Local Conditions,X,24-HR BLK AVG,PM25 Annual 2024,2024-01-01,Micrograms/cubic meter (LC),No Events,1,100.0,Y,3.3,3.3,0,18.0,636,Teledyne T640 at 5.0 LPM w/Network Data Alignment enabled - Broadband spectroscopy,PERSHING SCHOOL,MIDLAND & CAMPBELL STS,Illinois,Will,Joliet,16980.0,"Chicago-Naperville-Elgin, IL-IN-WI",2025-03-08,Joliet,Joliet City,151837.0
17,197,1011,88101,3,41.221537,-88.190967,WGS84,PM2.5 - Local Conditions,1,1 HOUR,,2024-01-01,Micrograms/cubic meter (LC),No Events,24,100.0,Y,3.433333,6.0,16,,636,Teledyne T640 at 5.0 LPM w/Network Data Alignment enabled - Broadband spectroscopy,COM ED TRAINING CENTER,36400 S. ESSEX RD.,Illinois,Will,Braidwood,16980.0,"Chicago-Naperville-Elgin, IL-IN-WI",2025-03-08,Braidwood,Braidwood City,6245.0
17,197,1011,88101,3,41.221537,-88.190967,WGS84,PM2.5 - Local Conditions,X,24-HR BLK AVG,PM25 24-hour 2006,2024-01-01,Micrograms/cubic meter (LC),No Events,1,100.0,Y,3.4,3.4,0,19.0,636,Teledyne T640 at 5.0 LPM w/Network Data Alignment enabled - Broadband spectroscopy,COM ED TRAINING CENTER,36400 S. ESSEX RD.,Illinois,Will,Braidwood,16980.0,"Chicago-Naperville-Elgin, IL-IN-WI",2025-03-08,Braidwood,Braidwood City,6245.0
17,197,1011,88101,3,41.221537,-88.190967,WGS84,PM2.5 - Local Conditions,X,24-HR BLK AVG,PM25 Annual 2006,2024-01-01,Micrograms/cubic meter (LC),No Events,1,100.0,Y,3.4,3.4,0,19.0,636,Teledyne T640 at 5.0 LPM w/Network Data Alignment enabled - Broadband spectroscopy,COM ED TRAINING CENTER,36400 S. ESSEX RD.,Illinois,Will,Braidwood,16980.0,"Chicago-Naperville-Elgin, IL-IN-WI",2025-03-08,Braidwood,Braidwood City,6245.0
17,197,1011,88101,3,41.221537,-88.190967,WGS84,PM2.5 - Local Conditions,X,24-HR BLK AVG,PM25 24-hour 2012,2024-01-01,Micrograms/cubic meter (LC),No Events,1,100.0,Y,3.4,3.4,0,19.0,636,Teledyne T640 at 5.0 LPM w/Network Data Alignment enabled - Broadband spectroscopy,COM ED TRAINING CENTER,36400 S. ESSEX RD.,Illinois,Will,Braidwood,16980.0,"Chicago-Naperville-Elgin, IL-IN-WI",2025-03-08,Braidwood,Braidwood City,6245.0
17,197,1011,88101,3,41.221537,-88.190967,WGS84,PM2.5 - Local Conditions,X,24-HR BLK AVG,PM25 Annual 2012,2024-01-01,Micrograms/cubic meter (LC),No Events,1,100.0,Y,3.4,3.4,0,19.0,636,Teledyne T640 at 5.0 LPM w/Network Data Alignment enabled - Broadband spectroscopy,COM ED TRAINING CENTER,36400 S. ESSEX RD.,Illinois,Will,Braidwood,16980.0,"Chicago-Naperville-Elgin, IL-IN-WI",2025-03-08,Braidwood,Braidwood City,6245.0
17,197,1011,88101,3,41.221537,-88.190967,WGS84,PM2.5 - Local Conditions,X,24-HR BLK AVG,PM25 24-hour 1997,2024-01-01,Micrograms/cubic meter (LC),No Events,1,100.0,Y,3.4,3.4,0,19.0,636,Teledyne T640 at 5.0 LPM w/Network Data Alignment enabled - Broadband spectroscopy,COM ED TRAINING CENTER,36400 S. ESSEX RD.,Illinois,Will,Braidwood,16980.0,"Chicago-Naperville-Elgin, IL-IN-WI",2025-03-08,Braidwood,Braidwood City,6245.0
17,197,1011,88101,3,41.221537,-88.190967,WGS84,PM2.5 - Local Conditions,X,24-HR BLK AVG,PM25 Annual 1997,2024-01-01,Micrograms/cubic meter (LC),No Events,1,100.0,Y,3.4,3.4,0,19.0,636,Teledyne T640 at 5.0 LPM w/Network Data Alignment enabled - Broadband spectroscopy,COM ED TRAINING CENTER,36400 S. ESSEX RD.,Illinois,Will,Braidwood,16980.0,"Chicago-Naperville-Elgin, IL-IN-WI",2025-03-08,Braidwood,Braidwood City,6245.0
17,197,1011,88101,3,41.221537,-88.190967,WGS84,PM2.5 - Local Conditions,X,24-HR BLK AVG,PM25 24-hour 2024,2024-01-01,Micrograms/cubic meter (LC),No Events,1,100.0,Y,3.4,3.4,0,19.0,636,Teledyne T640 at 5.0 LPM w/Network Data Alignment enabled - Broadband spectroscopy,COM ED TRAINING CENTER,36400 S. ESSEX RD.,Illinois,Will,Braidwood,16980.0,"Chicago-Naperville-Elgin, IL-IN-WI",2025-03-08,Braidwood,Braidwood City,6245.0
17,197,1011,88101,3,41.221537,-88.190967,WGS84,PM2.5 - Local Conditions,X,24-HR BLK AVG,PM25 Annual 2024,2024-01-01,Micrograms/cubic meter (LC),No Events,1,100.0,Y,3.4,3.4,0,19.0,636,Teledyne T640 at 5.0 LPM w/Network Data Alignment enabled - Broadband spectroscopy,COM ED TRAINING CENTER,36400 S. ESSEX RD.,Illinois,Will,Braidwood,16980.0,"Chicago-Naperville-Elgin, IL-IN-WI",2025-03-08,Braidwood,Braidwood City,6245.0
17,201,118,88101,3,42.267,-89.08917,NAD83,PM2.5 - Local Conditions,1,1 HOUR,,2024-01-01,Micrograms/cubic meter (LC),No Events,24,100.0,Y,3.491667,10.6,20,,636,Teledyne T640 at 5.0 LPM w/Network Data Alignment enabled - Broadband spectroscopy,Rockford Fire Department Admin. Bldg,Fire Department Admin. Bldg 204 South 1st Street,Illinois,Winnebago,Rockford,40420.0,"Rockford, IL",2025-03-08,Rockford,Rockford City,147486.0
17,201,118,88101,3,42.267,-89.08917,NAD83,PM2.5 - Local Conditions,X,24-HR BLK AVG,PM25 24-hour 2006,2024-01-01,Micrograms/cubic meter (LC),No Events,1,100.0,Y,3.4,3.4,0,19.0,636,Teledyne T640 at 5.0 LPM w/Network Data Alignment enabled - Broadband spectroscopy,Rockford Fire Department Admin. Bldg,Fire Department Admin. Bldg 204 South 1st Street,Illinois,Winnebago,Rockford,40420.0,"Rockford, IL",2025-03-08,Rockford,Rockford City,147486.0
17,201,118,88101,3,42.267,-89.08917,NAD83,PM2.5 - Local Conditions,X,24-HR BLK AVG,PM25 Annual 2006,2024-01-01,Micrograms/cubic meter (LC),No Events,1,100.0,Y,3.4,3.4,0,19.0,636,Teledyne T640 at 5.0 LPM w/Network Data Alignment enabled - Broadband spectroscopy,Rockford Fire Department Admin. Bldg,Fire Department Admin. Bldg 204 South 1st Street,Illinois,Winnebago,Rockford,40420.0,"Rockford, IL",2025-03-08,Rockford,Rockford City,147486.0
17,201,118,88101,3,42.267,-89.08917,NAD83,PM2.5 - Local Conditions,X,24-HR BLK AVG,PM25 24-hour 2012,2024-01-01,Micrograms/cubic meter (LC),No Events,1,100.0,Y,3.4,3.4,0,19.0,636,Teledyne T640 at 5.0 LPM w/Network Data Alignment enabled - Broadband spectroscopy,Rockford Fire Department Admin. Bldg,Fire Department Admin. Bldg 204 South 1st Street,Illinois,Winnebago,Rockford,40420.0,"Rockford, IL",2025-03-08,Rockford,Rockford City,147486.0
17,201,118,88101,3,42.267,-89.08917,NAD83,PM2.5 - Local Conditions,X,24-HR BLK AVG,PM25 Annual 2012,2024-01-01,Micrograms/cubic meter (LC),No Events,1,100.0,Y,3.4,3.4,0,19.0,636,Teledyne T640 at 5.0 LPM w/Network Data Alignment enabled - Broadband spectroscopy,Rockford Fire Department Admin. Bldg,Fire Department Admin. Bldg 204 South 1st Street,Illinois,Winnebago,Rockford,40420.0,"Rockford, IL",2025-03-08,Rockford,Rockford City,147486.0
17,201,118,88101,3,42.267,-89.08917,NAD83,PM2.5 - Local Conditions,X,24-HR BLK AVG,PM25 24-hour 1997,2024-01-01,Micrograms/cubic meter (LC),No Events,1,100.0,Y,3.4,3.4,0,19.0,636,Teledyne T640 at 5.0 LPM w/Network Data Alignment enabled - Broadband spectroscopy,Rockford Fire Department Admin. Bldg,Fire Department Admin. Bldg 204 South 1st Street,Illinois,Winnebago,Rockford,40420.0,"Rockford, IL",2025-03-08,Rockford,Rockford City,147486.0
17,201,118,88101,3,42.267,-89.08917,NAD83,PM2.5 - Local Conditions,X,24-HR BLK AVG,PM25 Annual 1997,2024-01-01,Micrograms/cubic meter (LC),No Events,1,100.0,Y,3.4,3.4,0,19.0,636,Teledyne T640 at 5.0 LPM w/Network Data Alignment enabled - Broadband spectroscopy,Rockford Fire Department Admin. Bldg,Fire Department Admin. Bldg 204 South 1st Street,Illinois,Winnebago,Rockford,40420.0,"Rockford, IL",2025-03-08,Rockford,Rockford City,147486.0
17,201,118,88101,3,42.267,-89.08917,NAD83,PM2.5 - Local Conditions,X,24-HR BLK AVG,PM25 24-hour 2024,2024-01-01,Micrograms/cubic meter (LC),No Events,1,100.0,Y,3.4,3.4,0,19.0,636,Teledyne T640 at 5.0 LPM w/Network Data Alignment enabled - Broadband spectroscopy,Rockford Fire Department Admin. Bldg,Fire Department Admin. Bldg 204 South 1st Street,Illinois,Winnebago,Rockford,40420.0,"Rockford, IL",2025-03-08,Rockford,Rockford City,147486.0
17,201,118,88101,3,42.267,-89.08917,NAD83,PM2.5 - Local Conditions,X,24-HR BLK AVG,PM25 Annual 2024,2024-01-01,Micrograms/cubic meter (LC),No Events,1,100.0,Y,3.4,3.4,0,19.0,636,Teledyne T640 at 5.0 LPM w/Network Data Alignment enabled - Broadband spectroscopy,Rockford Fire Department Admin. Bldg,Fire Department Admin. Bldg 204 South 1st Street,Illinois,Winnebago,Rockford,40420.0,"Rockford, IL",2025-03-08,Rockford,Rockford City,147486.0
17,43,4002,88101,3,41.771071,-88.152534,WGS84,PM2.5 - Local Conditions,1,1 HOUR,,2024-01-01,Micrograms/cubic meter (LC),No Events,24,100.0,Y,3.479167,8.5,22,,636,Teledyne T640 at 5.0 LPM w/Network Data Alignment enabled - Broadband spectroscopy,CITY HALL,400 S. EAGLE ST.,Illinois,DuPage,Naperville,16980.0,"Chicago-Naperville-Elgin, IL-IN-WI",2025-03-08,Naperville,Naperville City,153124.0
17,43,4002,88101,3,41.771071,-88.152534,WGS84,PM2.5 - Local Conditions,X,24-HR BLK AVG,PM25 24-hour 2006,2024-01-01,Micrograms/cubic meter (LC),No Events,1,100.0,Y,3.4,3.4,0,19.0,636,Teledyne T640 at 5.0 LPM w/Network Data Alignment enabled - Broadband spectroscopy,CITY HALL,400 S. EAGLE ST.,Illinois,DuPage,Naperville,16980.0,"Chicago-Naperville-Elgin, IL-IN-WI",2025-03-08,Naperville,Naperville City,153124.0
17,43,4002,88101,3,41.771071,-88.152534,WGS84,PM2.5 - Local Conditions,X,24-HR BLK AVG,PM25 Annual 2006,2024-01-01,Micrograms/cubic meter (LC),No Events,1,100.0,Y,3.4,3.4,0,19.0,636,Teledyne T640 at 5.0 LPM w/Network Data Alignment enabled - Broadband spectroscopy,CITY HALL,400 S. EAGLE ST.,Illinois,DuPage,Naperville,16980.0,"Chicago-Naperville-Elgin, IL-IN-WI",2025-03-08,Naperville,Naperville City,153124.0
17,43,4002,88101,3,41.771071,-88.152534,WGS84,PM2.5 - Local Conditions,X,24-HR BLK AVG,PM25 24-hour 2012,2024-01-01,Micrograms/cubic meter (LC),No Events,1,100.0,Y,3.4,3.4,0,19.0,636,Teledyne T640 at 5.0 LPM w/Network Data Alignment enabled - Broadband spectroscopy,CITY HALL,400 S. EAGLE ST.,Illinois,DuPage,Naperville,16980.0,"Chicago-Naperville-Elgin, IL-IN-WI",2025-03-08,Naperville,Naperville City,153124.0
17,43,4002,88101,3,41.771071,-88.152534,WGS84,PM2.5 - Local Conditions,X,24-HR BLK AVG,PM25 Annual 2012,2024-01-01,Micrograms/cubic meter (LC),No Events,1,100.0,Y,3.4,3.4,0,19.0,636,Teledyne T640 at 5.0 LPM w/Network Data Alignment enabled - Broadband spectroscopy,CITY HALL,400 S. EAGLE ST.,Illinois,DuPage,Naperville,16980.0,"Chicago-Naperville-Elgin, IL-IN-WI",2025-03-08,Naperville,Naperville City,153124.0
17,43,4002,88101,3,41.771071,-88.152534,WGS84,PM2.5 - Local Conditions,X,24-HR BLK AVG,PM25 24-hour 1997,2024-01-01,Micrograms/cubic meter (LC),No Events,1,100.0,Y,3.4,3.4,0,19.0,636,Teledyne T640 at 5.0 LPM w/Network Data Alignment enabled - Broadband spectroscopy,CITY HALL,400 S. EAGLE ST.,Illinois,DuPage,Naperville,16980.0,"Chicago-Naperville-Elgin, IL-IN-WI",2025-03-08,Naperville,Naperville City,153124.0
17,43,4002,88101,3,41.771071,-88.152534,WGS84,PM2.5 - Local Conditions,X,24-HR BLK AVG,PM25 Annual 1997,2024-01-01,Micrograms/cubic meter (LC),No Events,1,100.0,Y,3.4,3.4,0,19.0,636,Teledyne T640 at 5.0 LPM w/Network Data Alignment enabled - Broadband spectroscopy,CITY HALL,400 S. EAGLE ST.,Illinois,DuPage,Naperville,16980.0,"Chicago-Naperville-Elgin, IL-IN-WI",2025-03-08,Naperville,Naperville City,153124.0
17,43,4002,88101,3,41.771071,-88.152534,WGS84,PM2.5 - Local Conditions,X,24-HR BLK AVG,PM25 24-hour 2024,2024-01-01,Micrograms/cubic meter (LC),No Events,1,100.0,Y,3.4,3.4,0,19.0,636,Teledyne T640 at 5.0 LPM w/Network Data Alignment enabled - Broadband spectroscopy,CITY HALL,400 S. EAGLE ST.,Illinois,DuPage,Naperville,16980.0,"Chicago-Naperville-Elgin, IL-IN-WI",2025-03-08,Naperville,Naperville City,153124.0
17,43,4002,88101,3,41.771071,-88.152534,WGS84,PM2.5 - Local Conditions,X,24-HR BLK AVG,PM25 Annual 2024,2024-01-01,Micrograms/cubic meter (LC),No Events,1,100.0,Y,3.4,3.4,0,19.0,636,Teledyne T640 at 5.0 LPM w/Network Data Alignment enabled - Broadband spectroscopy,CITY HALL,400 S. EAGLE ST.,Illinois,DuPage,Naperville,16980.0,"Chicago-Naperville-Elgin, IL-IN-WI",2025-03-08,Naperville,Naperville City,153124.0
17,119,3007,88101,3,38.860669,-90.105851,WGS84,PM2.5 - Local Conditions,1,1 HOUR,,2024-01-01,Micrograms/cubic meter (LC),No Events,24,100.0,Y,4.066667,8.2,23,,636,Teledyne T640 at 5.0 LPM w/Network Data Alignment enabled - Broadband spectroscopy,WATER PLANT,54 N. WALCOTT,Illinois,Madison,Wood River,41180.0,"St. Louis, MO-IL",2025-01-23,Wood River,Wood River City,10251.0
17,119,3007,88101,3,38.860669,-90.105851,WGS84,PM2.5 - Local Conditions,X,24-HR BLK AVG,PM25 24-hour 2006,2024-01-01,Micrograms/cubic meter (LC),No Events,1,100.0,Y,4.0,4.0,0,22.0,636,Teledyne T640 at 5.0 LPM w/Network Data Alignment enabled - Broadband spectroscopy,WATER PLANT,54 N. WALCOTT,Illinois,Madison,Wood River,41180.0,"St. Louis, MO-IL",2025-01-23,Wood River,Wood River City,10251.0
17,119,3007,88101,3,38.860669,-90.105851,WGS84,PM2.5 - Local Conditions,X,24-HR BLK AVG,PM25 Annual 2006,2024-01-01,Micrograms/cubic meter (LC),No Events,1,100.0,Y,4.0,4.0,0,22.0,636,Teledyne T640 at 5.0 LPM w/Network Data Alignment enabled - Broadband spectroscopy,WATER PLANT,54 N. WALCOTT,Illinois,Madison,Wood River,41180.0,"St. Louis, MO-IL",2025-01-23,Wood River,Wood River City,10251.0
17,119,3007,88101,3,38.860669,-90.105851,WGS84,PM2.5 - Local Conditions,X,24-HR BLK AVG,PM25 24-hour 2012,2024-01-01,Micrograms/cubic meter (LC),No Events,1,100.0,Y,4.0,4.0,0,22.0,636,Teledyne T640 at 5.0 LPM w/Network Data Alignment enabled - Broadband spectroscopy,WATER PLANT,54 N. WALCOTT,Illinois,Madison,Wood River,41180.0,"St. Louis, MO-IL",2025-01-23,Wood River,Wood River City,10251.0
17,119,3007,88101,3,38.860669,-90.105851,WGS84,PM2.5 - Local Conditions,X,24-HR BLK AVG,PM25 Annual 2012,2024-01-01,Micrograms/cubic meter (LC),No Events,1,100.0,Y,4.0,4.0,0,22.0,636,Teledyne T640 at 5.0 LPM w/Network Data Alignment enabled - Broadband spectroscopy,WATER PLANT,54 N. WALCOTT,Illinois,Madison,Wood River,41180.0,"St. Louis, MO-IL",2025-01-23,Wood River,Wood River City,10251.0
17,119,3007,88101,3,38.860669,-90.105851,WGS84,PM2.5 - Local Conditions,X,24-HR BLK AVG,PM25 24-hour 1997,2024-01-01,Micrograms/cubic meter (LC),No Events,1,100.0,Y,4.0,4.0,0,22.0,636,Teledyne T640 at 5.0 LPM w/Network Data Alignment enabled - Broadband spectroscopy,WATER PLANT,54 N. WALCOTT,Illinois,Madison,Wood River,41180.0,"St. Louis, MO-IL",2025-01-23,Wood River,Wood River City,10251.0
17,119,3007,88101,3,38.860669,-90.105851,WGS84,PM2.5 - Local Conditions,X,24-HR BLK AVG,PM25 Annual 1997,2024-01-01,Micrograms/cubic meter (LC),No Events,1,100.0,Y,4.0,4.0,0,22.0,636,Teledyne T640 at 5.0 LPM w/Network Data Alignment enabled - Broadband spectroscopy,WATER PLANT,54 N. WALCOTT,Illinois,Madison,Wood River,41180.0,"St. Louis, MO-IL",2025-01-23,Wood River,Wood River City,10251.0
17,119,3007,88101,3,38.860669,-90.105851,WGS84,PM2.5 - Local Conditions,X,24-HR BLK AVG,PM25 24-hour 2024,2024-01-01,Micrograms/cubic meter (LC),No Events,1,100.0,Y,4.0,4.0,0,22.0,636,Teledyne T640 at 5.0 LPM w/Network Data Alignment enabled - Broadband spectroscopy,WATER PLANT,54 N. WALCOTT,Illinois,Madison,Wood River,41180.0,"St. Louis, MO-IL",2025-01-23,Wood River,Wood River City,10251.0
17,119,3007,88101,3,38.860669,-90.105851,WGS84,PM2.5 - Local Conditions,X,24-HR BLK AVG,PM25 Annual 2024,2024-01-01,Micrograms/cubic meter (LC),No Events,1,100.0,Y,4.0,4.0,0,22.0,636,Teledyne T640 at 5.0 LPM w/Network Data Alignment enabled - Broadband spectroscopy,WATER PLANT,54 N. WALCOTT,Illinois,Madison,Wood River,41180.0,"St. Louis, MO-IL",2025-01-23,Wood River,Wood River City,10251.0
